,tile_id,x,y,physical_x,physical_y,area,ratio,size,r1,r2,weight,density,mean_distance,moran-I,p-value
fc3ce29e4cbee5e7185f3b528b4dd1bc,NULL,0,0,0,0,786240,1.9809523820877075,394604,630,1248,0,0.0625,0,-1.0000000000000002,1
fc3ce29e4cbee5e7185f3b528b4dd1bc,NULL,0,0,0,0,9979475,1.090578556060791,5867650,3025,3299,0,0.0625,0,-1.0000000000000002,1
ecff98855a000e02450beac8f8cca063,NULL,621,56,621,56,9,1,10,3,3,0,0.03125,0,-1.0000000000000002,1
3beb20ce7fe757c5efdbcfd482ddb201,NULL,638,90,638,90,2,2,6,2,1,0,0.03125,0,-1.0000000000000002,1
1977b634d1b30f0f44c3b1c643b35411,NULL,707,144,707,144,18,2,12,6,3,0,0.03125,0,-1.0000000000000002,1
79906d37adf23610b520999cd6db5161,NULL,722,154,722,154,12,1.3333333730697632,11,3,4,0,0.03125,0,-1.0000000000000002,1
77bb55dc859aaf23cfd5649a33555bb5,NULL,699,178,699,178,2,2,5,1,2,0,0.03125,0,-1.0000000000000002,1
f860fb23cd36524bf5871c6b7b8900d2,NULL,737,207,737,207,8,2,9,2,4,0,0.03125,0,-1.0000000000000002,1
9bef2f9ba316f430225cfcf1e14aabf7,NULL,729,219,729,219,55,2.200000047683716,22,5,11,0,0.03125,0,-1.0000000000000002,1
534d3975e08c0270145cda5ceb9b1b0c,NULL,735,229,735,229,2,2,5,2,1,0,0.03125,0,-1.0000000000000002,1
643cc294945c66f844b86ac51afc89ba,NULL,555,288,555,288,49,1,37,7,7,0,0.03125,0,-1.0000000000000002,1
50c99d75ad7697ba5eb5d7dd4caefda9,NULL,509,332,509,332,28,1.75,29,4,7,0,0.03125,0,-1.0000000000000002,1
9cce4fede4b32e34424598f3749aeb1c,NULL,548,340,548,340,42,1.1666666269302368,28,6,7,0,0.03125,0,-1.0000000000000002,1
b99ada18eb78911567fc947ffe42e84e,NULL,506,346,506,346,28,1.75,28,4,7,0,0.03125,0,-1.0000000000000002,1
7c525a25137176eb53f473ad7d9e893c,NULL,512,354,512,354,4,4,9,1,4,0,0.03125,0,-1.0000000000000002,1
bdf158b441147675394d00a061a8bd86,NULL,518,361,518,361,6,1.5,10,2,3,0,0.03125,0,-1.0000000000000002,1
9a7b6cfd6f7a7c6febc08a92ae77eab5,NULL,467,367,467,367,6,1.5,12,2,3,0,0.03125,0,-1.0000000000000002,1
e42675f79f271d08beb8311e8164c641,NULL,891,399,891,399,27,3,21,3,9,0,0.03125,0,-1.0000000000000002,1
05ff07eb735056ba9eea4824f4b76671,NULL,787,415,787,415,65,2.5999999046325684,69,5,13,0,0.03125,0,-1.0000000000000002,1
62981b0f35bf0004d47cf49e92677b27,NULL,791,434,791,434,6,1.5,10,2,3,0,0.03125,0,-1.0000000000000002,1
39a3cbbe4694711e9f8c8e1749a75502,NULL,598,471,598,471,15,1.6666666269302368,13,3,5,0,0.03125,0,-1.0000000000000002,1
efee6e5c1bea6eda593ad90a633b93b4,NULL,1047,482,1047,482,4,1,6,2,2,0,0.03125,0,-1.0000000000000002,1
82a202c47a8e1d90b9c4a6076b7a2367,NULL,1030,487,1030,487,3,3,5,1,3,0,0.03125,0,-1.0000000000000002,1
99601c9c970a9494328f013a61a23670,NULL,396,494,396,494,8,2,12,2,4,0,0.03125,0,-1.0000000000000002,1
b3ace6d3cdb1ba6cfad374987f17707e,NULL,399,536,399,536,78,2.1666667461395264,48,6,13,0,0.03125,0,-1.0000000000000002,1
7a9e0889693404e7a76bc3f1b8597c93,NULL,365,550,365,550,154,1.2727272510528564,109,11,14,0,0.03125,0,-1.0000000000000002,1
940afdc15f7500b92ced12e4d708b0f1,NULL,593,557,593,557,72,2,57,6,12,0,0.03125,0,-1.0000000000000002,1
38249e4f1621fa94f12ed2712896de09,NULL,378,564,378,564,5,5,7,1,5,0,0.03125,0,-1.0000000000000002,1
1a0be4c0b3f90f96761732b0fa30d417,NULL,886,564,886,564,6,1.5,5,2,3,0,0.03125,0,-1.0000000000000002,1
0dd3296796d422809e735647767b97e9,NULL,843,595,843,595,6,1.5,7,2,3,0,0.03125,0,-1.0000000000000002,1
bfb6f965fd1c722be69025a82bc270ca,NULL,1237,600,1237,600,4,1,5,2,2,0,0.03125,0,-1.0000000000000002,1
8371170ba2133007f3591b37133761ae,NULL,560,605,560,605,6,1.5,7,2,3,0,0.03125,0,-1.0000000000000002,1
9dc263a0377632b2d5ee686c7dc9a2d2,NULL,1146,610,1146,610,117,1.4444444179534912,77,13,9,0,0.03125,0,-1.0000000000000002,1
2ced1c83268645410089b685f067140c,NULL,567,619,567,619,6,1.5,8,2,3,0,0.03125,0,-1.0000000000000002,1
cbd7f3a307ca07aba97c6421f691e4eb,NULL,1022,619,1022,619,4,1,6,2,2,0,0.03125,0,-1.0000000000000002,1
7fb4cb738009ffd07e5e287c88a637cd,NULL,1026,628,1026,628,6,1.5,8,2,3,0,0.03125,0,-1.0000000000000002,1
cff13706b9a9ec25ecf9ef2818cee40f,NULL,534,629,534,629,8,2,10,2,4,0,0.03125,0,-1.0000000000000002,1
b1b8243365c86898bfb082ef5b27732c,NULL,972,631,972,631,4,1,5,2,2,0,0.03125,0,-1.0000000000000002,1
05e714c6202c2d39177d77607146fbad,NULL,1020,639,1020,639,4,1,6,2,2,0,0.03125,0,-1.0000000000000002,1
244b641aa89283d081221f583dc112a0,NULL,384,649,384,649,143,1.1818181276321411,65,11,13,0,0.03125,0,-1.0000000000000002,1
8b429332d8a182f9a4c15383c3c900d2,NULL,1312,652,1312,652,8,2,11,2,4,0,0.03125,0,-1.0000000000000002,1
d78314b0aa5f7123fb36501729b0be78,NULL,1321,653,1321,653,4,1,6,2,2,0,0.03125,0,-1.0000000000000002,1
8accac481c1726ce454319d1f487453c,NULL,459,660,459,660,35,1.399999976158142,28,5,7,0,0.03125,0,-1.0000000000000002,1
d04c995c8842e945f92f139bb17ae0a3,NULL,388,669,388,669,4,4,9,1,4,0,0.03125,0,-1.0000000000000002,1
82350ece2f2f574d9eab216363076e02,NULL,1413,670,1413,670,30,1.2000000476837158,29,6,5,0,0.0625,3.640054944640259,-1,1
ab214dbb97f1933338d844b7ea38e181,NULL,1287,673,1287,673,6,1.5,5,3,2,0,0.03125,0,-1.0000000000000002,1
a8d8297ef9d8d72a46e82e50c37e3aad,NULL,1160,675,1160,675,3,3,6,1,3,0,0.03125,0,-1.0000000000000002,1
3793e7799a1a119e2709c7a4670c361b,NULL,1246,675,1246,675,30,1.2000000476837158,18,5,6,0,0.03125,0,-1.0000000000000002,1
d488ca079ec8823b26ed129ea15e56de,NULL,469,676,469,676,18,4.5,16,2,9,0,0.03125,0,-1.0000000000000002,1
380ce5fc5404d1cf944a9a574eaf05d1,NULL,1411,677,1411,677,8,2,9,2,4,0,0.0625,3.640054944640259,-1,1
2ca12ac1708e802245019cbee7cf9822,NULL,1402,680,1402,680,6,6,8,1,6,0,0.03125,0,-1.0000000000000002,1
516bbc502954d0b2de8fd8645da23139,NULL,1430,687,1430,687,9,1,14,3,3,0,0.03125,0,-1.0000000000000002,1
bfafd86f7c0e6e67abfe991491af6278,NULL,1360,689,1360,689,12,1.3333333730697632,15,3,4,0,0.03125,0,-1.0000000000000002,1
2b20b93c7ab8cf799bdeba08ee03c5c8,NULL,1228,697,1228,697,30,1.2000000476837158,22,6,5,0,0.03125,0,-1.0000000000000002,1
67dcf06e0d58c05dad1d553d2ac23a10,NULL,915,703,915,703,6,1.5,9,2,3,0,0.03125,0,-1.0000000000000002,1
3123b763540fd423f5ea4727d3a18bdf,NULL,364,718,364,718,4,1,7,2,2,0,0.03125,0,-1.0000000000000002,1
7be57d186b1ad5bcae2424592bfb57cc,NULL,1239,718,1239,718,25,1,22,5,5,0,0.03125,0,-1.0000000000000002,1
3832504027c25e544e3c28f24d9a60c3,NULL,1124,719,1124,719,42,1.1666666269302368,34,7,6,0,0.03125,0,-1.0000000000000002,1
9740bbd22aa9e463ef1bc67a93672d91,NULL,1326,719,1326,719,6,1.5,9,3,2,0,0.03125,0,-1.0000000000000002,1
7d61db99339647b4df9538f73d29667d,NULL,338,725,338,725,81,1,51,9,9,0,0.03125,0,-1.0000000000000002,1
bbb9317c0a9e13f2518969dfa6210356,NULL,1501,729,1501,729,12,1.3333333730697632,14,3,4,0,0.03125,0,-1.0000000000000002,1
ca2fe33bddc3923eb18b33f3c01dba1a,NULL,696,748,696,748,2,2,5,1,2,0,0.03125,0,-1.0000000000000002,1
079d771f8d87c24679fb4d93c959ee69,NULL,1181,750,1181,750,12,1.3333333730697632,14,3,4,0,0.03125,0,-1.0000000000000002,1
47fce75324978fbcba1afae78edb5084,NULL,1199,754,1199,754,2,2,5,2,1,0,0.03125,0,-1.0000000000000002,1
072d6d991afa9699964c89eb171d3cc2,NULL,676,792,676,792,3,3,5,1,3,0,0.03125,0,-1.0000000000000002,1
491775f2dddb8cac1b16e11d98be4222,NULL,494,795,494,795,3,3,5,1,3,0,0.03125,0,-1.0000000000000002,1
784939ab4ebf1f481e35034cf1e7a7df,NULL,723,810,723,810,3,3,7,3,1,0,0.03125,0,-1.0000000000000002,1
f4f2306b0125414635e7c5002f7cbd96,NULL,540,814,540,814,6,1.5,8,2,3,0,0.03125,0,-1.0000000000000002,1
5b23b44b1e088892a2fb6b870909e14f,NULL,319,819,319,819,4,1,8,2,2,0,0.03125,0,-1.0000000000000002,1
10e51313c8a3534a5737481cb344cbd8,NULL,1272,846,1272,846,4,1,6,2,2,0,0.03125,0,-1.0000000000000002,1
92f0c915ad275fc8e2b6f79cb5112702,NULL,673,884,673,884,8,2,9,2,4,0,0.03125,0,-1.0000000000000002,1
0292db4b0c10fe8b8b76a545f83fc6de,NULL,1062,887,1062,887,6,1.5,8,3,2,0,0.03125,0,-1.0000000000000002,1
3f58cceeababc995edeb3248534e508d,NULL,311,897,311,897,20,1.25,21,5,4,0,0.03125,0,-1.0000000000000002,1
a40acd11da23a2d8477f222c732d2d67,NULL,298,900,298,900,234,1.384615421295166,128,18,13,0,0.03125,0,-1.0000000000000002,1
a25e1a5259852e0d4a4d0a21c8c979ea,NULL,475,909,475,909,4,1,5,2,2,0,0.03125,0,-1.0000000000000002,1
5a81d2fd72158cc34421bad5372f5b3b,NULL,1083,910,1083,910,3,3,7,1,3,0,0.03125,0,-1.0000000000000002,1
2a38f6752f0a056b7ddc7728b2b50f85,NULL,537,915,537,915,12,1.3333333730697632,9,4,3,0,0.03125,0,-1.0000000000000002,1
66fde85b3e7567e018b7ab09023b0109,NULL,1398,924,1398,924,9,1,9,3,3,0,0.03125,0,-1.0000000000000002,1
fe3f89c4b9fb88743fe4d3a4334ea65b,NULL,1646,927,1646,927,5,5,10,1,5,0,0.03125,0,-1.0000000000000002,1
f931f6d0d8af9de22894012ad6aa6177,NULL,803,930,803,930,16,1,21,4,4,0,0.03125,0,-1.0000000000000002,1
283eda5494e3b5c9776f412c6c81fa71,NULL,1578,937,1578,937,12,1.3333333730697632,11,3,4,0,0.03125,0,-1.0000000000000002,1
12d6ad736fbb0811bdcf5207e03fb29e,NULL,878,939,878,939,2,2,6,2,1,0,0.03125,0,-1.0000000000000002,1
dab88548f698794e05a1463000046823,NULL,1689,942,1689,942,18,2,16,3,6,0,0.03125,0,-1.0000000000000002,1
1321b7bc8df60580f53a8e650a72b973,NULL,1370,945,1370,945,3,3,6,1,3,0,0.03125,0,-1.0000000000000002,1
59f1ca5386b4194c253b57f3d63b16ad,NULL,1342,948,1342,948,6,1.5,8,2,3,0,0.03125,0,-1.0000000000000002,1
176ce68b22f49cb72acad2be7d705823,NULL,223,949,223,949,20,1.25,18,5,4,0,0.03125,0,-1.0000000000000002,1
c69014518eaff5e0c01188d6d84de6f9,NULL,859,960,859,960,21,2.3333332538604736,20,3,7,0,0.03125,0,-1.0000000000000002,1
a2e32454d0a2aaba2819f3cea0c13176,NULL,1400,964,1400,964,54,1.5,32,6,9,0,0.0625,2.23606797749979,-1,1
092a4ec08c9d6904786af4c4e13ba530,NULL,1691,965,1691,965,18,4.5,17,2,9,0,0.03125,0,-1.0000000000000002,1
646ceb7bb6ce97da396c186f5760311d,NULL,1396,966,1396,966,10,2.5,9,2,5,0,0.0625,2.23606797749979,-1,1
0c5cc2bd7fd1eb836a08c08e5a8ff1b4,NULL,220,969,220,969,8,2,14,2,4,0,0.0625,4.301162633521313,-1,1
c6d71af3af9a76b6c50c69c427662dff,NULL,230,969,230,969,1892,1.0232558250427246,960,44,43,0,0.03125,0,-1.0000000000000002,1
025ae943a0ad863003d4846ba903cc98,NULL,1625,973,1625,973,15,1.6666666269302368,14,3,5,0,0.03125,0,-1.0000000000000002,1
6c5eecf0913ebf04ea42e6be3ff506a0,NULL,213,974,213,974,36,2.25,19,4,9,0,0.0625,4.301162633521313,-1,1
2c6417c7999960c6eaf299c6172da40d,NULL,428,978,428,978,6,1.5,6,3,2,0,0.03125,0,-1.0000000000000002,1
4fc45a930ed6d997cbce20c3965ec08c,NULL,452,978,452,978,6,1.5,8,2,3,0,0.03125,0,-1.0000000000000002,1
2464272d29d4c8a26378ca54969a22ea,NULL,487,984,487,984,6,1.5,8,3,2,0,0.03125,0,-1.0000000000000002,1
f9c4f1372c81fa88189ff8aefa544963,NULL,903,986,903,986,30,1.2000000476837158,29,6,5,0,0.03125,0,-1.0000000000000002,1
bf32aa89ad16fe2df3b9d68a2dda9e80,NULL,1536,992,1536,992,3,3,6,1,3,0,0.03125,0,-1.0000000000000002,1
26755f959b97076b063569249ad58b10,NULL,575,995,575,995,6,1.5,7,3,2,0,0.03125,0,-1.0000000000000002,1
9ed33e1347d9979bc04d238c3ea2f010,NULL,1552,998,1552,998,9,1,8,3,3,0,0.03125,0,-1.0000000000000002,1
761ee203c5bccd53717288662967334c,NULL,893,1003,893,1003,56,1.1428571939468384,30,7,8,0,0.03125,0,-1.0000000000000002,1
17dac063b15819fbb01b7a5e8ae46c86,NULL,1413,1011,1413,1011,9,1,10,3,3,0,0.03125,0,-1.0000000000000002,1
6beba170a65665080c57df052f1deb25,NULL,1769,1013,1769,1013,4,1,6,2,2,0,0.0625,3.8078865529319543,-1,1
cfd30a8cf8b5b62d665386a0b2442a13,NULL,814,1014,814,1014,4,1,7,2,2,0,0.0625,3.2015621187164243,-1.0000000000000002,1
f600b80c3dcf0843c1648b2606923d20,NULL,1436,1014,1436,1014,6,1.5,8,2,3,0,0.0625,3.605551275463989,-1,1
81246c3095c3701b5ebc6c4fe61df151,NULL,1776,1016,1776,1016,10,2.5,12,2,5,0,0.0625,3.8078865529319543,-1,1
7abd4850e18837a04ddd94e7331a4b77,NULL,819,1018,819,1018,4,1,5,2,2,0,0.0625,3.2015621187164243,-1.0000000000000002,1
9cce3394dd054159e6fe9bddd130a6c3,NULL,1430,1018,1430,1018,9,1,7,3,3,0,0.0625,3.605551275463989,-1,1
6537f872e4ae256c64d9d50014c0061e,NULL,532,1019,532,1019,15,1.6666666269302368,14,3,5,0,0.03125,0,-1.0000000000000002,1
63f9840a1c185cb3ab76f3146e2afb91,NULL,876,1020,876,1020,8,2,9,2,4,0,0.03125,0,-1.0000000000000002,1
9b8dbd5533ccf6a3714c41f0d6306717,NULL,779,1024,779,1024,2,2,5,1,2,0,0.03125,0,-1.0000000000000002,1
0b83b99f1a396ac4893896e632e25952,NULL,925,1025,925,1025,4,1,7,2,2,0,0.03125,0,-1.0000000000000002,1
9e093feac20f04baa0846d8359492776,NULL,1648,1026,1648,1026,4,4,9,1,4,0,0.03125,0,-1.0000000000000002,1
4820be3020bb599e8fea5100a66b4ed4,NULL,1860,1028,1860,1028,10,2.5,8,2,5,0,0.03125,0,-1.0000000000000002,1
f31e96da677671e9392a990fee477f9f,NULL,1043,1040,1043,1040,6,1.5,7,2,3,0,0.03125,0,-1.0000000000000002,1
ddaf448c72c311678582a0e568c360aa,NULL,602,1042,602,1042,2,2,5,2,1,0,0.03125,0,-1.0000000000000002,1
3cd894a1cca16d442526d03e0a090544,NULL,748,1046,748,1046,42,1.1666666269302368,38,6,7,0,0.03125,0,-1.0000000000000002,1
b573324d8779fb7c9c21a1ea6b3ddc31,NULL,1525,1047,1525,1047,14,3.5,12,2,7,0,0.03125,0,-1.0000000000000002,1
57fd7369eed8e9b353dd19b579481b31,NULL,1665,1048,1665,1048,3,3,5,1,3,0,0.03125,0,-1.0000000000000002,1
8adda61fbba10f7e18804a63410fd6db,NULL,1585,1053,1585,1053,12,1.3333333730697632,12,3,4,0,0.03125,0,-1.0000000000000002,1
a167eb381115b7b0d62963795d73fa8a,NULL,1527,1057,1527,1057,8,2,9,2,4,0,0.03125,0,-1.0000000000000002,1
3b5e1c2160ff230e0e4c640cc65d3a83,NULL,1096,1059,1096,1059,4,1,5,2,2,0,0.03125,0,-1.0000000000000002,1
c0a062acd35e1bbfb5ac12d56a3fba33,NULL,1683,1060,1683,1060,4,1,7,2,2,0,0.03125,0,-1.0000000000000002,1
df4e5e1e2a035d9d2e12c195b609e605,NULL,403,1062,403,1062,2080,2.03125,557,32,65,0,0.03125,0,-1.0000000000000002,1
2abf19fa5cff521c8233113df89e0e46,NULL,1040,1063,1040,1063,3,3,7,1,3,0,0.03125,0,-1.0000000000000002,1
2e9dc2c1bfa9a57a33537efabd85c63d,NULL,1022,1065,1022,1065,4,1,6,2,2,0,0.03125,0,-1.0000000000000002,1
23b153f59ff3a2e6168012e85d88b5c8,NULL,1154,1069,1154,1069,12,1.3333333730697632,12,4,3,0,0.03125,0,-1.0000000000000002,1
fef87e22f309bd178d021bbac8b1a164,NULL,1231,1072,1231,1072,3,3,7,1,3,0,0.03125,0,-1.0000000000000002,1
85d11c61a0733f205abd322294dfd9f2,NULL,1659,1079,1659,1079,2,2,5,2,1,0,0.03125,0,-1.0000000000000002,1
0040a320a75e1b458447ccc93976b0d8,NULL,407,1080,407,1080,4,1,5,2,2,0,0.03125,0,-1.0000000000000002,1
d7718234ba62f6a8873cc9bc5505a307,NULL,1707,1082,1707,1082,6,1.5,10,2,3,0,0.0625,3.3541019662496847,-1,1
a6f28cb83f727abbcb0e2f985d3115c2,NULL,1077,1083,1077,1083,80,1.25,46,10,8,0,0.03125,0,-1.0000000000000002,1
907be3453de70ef3daac8f49245e0f16,NULL,1896,1083,1896,1083,48,5.333333492279053,41,3,16,0,0.03125,0,-1.0000000000000002,1
3b195ea4623ae7afb88fed84e4cb1600,NULL,966,1085,966,1085,6,1.5,9,2,3,0,0.03125,0,-1.0000000000000002,1
f299e4be4e5cd81e82a9f604eb9d4b5a,NULL,1701,1085,1701,1085,21,2.3333332538604736,17,3,7,0,0.0625,3.3541019662496847,-1,1
2aa09fec760f22613991adb59e87156d,NULL,1265,1086,1265,1086,18,2,12,3,6,0,0.03125,0,-1.0000000000000002,1
bf85c7e4bf8c0b205fa4d3ef133b13bb,NULL,84,1087,84,1087,8,2,7,2,4,0,0.03125,0,-1.0000000000000002,1
583f52c4d84965f1969a5ceb0bd55fae,NULL,407,1091,407,1091,91,1.8571428060531616,74,7,13,0,0.03125,0,-1.0000000000000002,1
ca4f6d2087d68932dbb296cca7e3ecb8,NULL,1582,1091,1582,1091,2,2,5,1,2,0,0.03125,0,-1.0000000000000002,1
b1dfc827f792c9633ba3dcb9f8e09941,NULL,1502,1092,1502,1092,6,1.5,10,2,3,0,0.03125,0,-1.0000000000000002,1
d7dd3f8e34f549894ac44a190b9484fb,NULL,1221,1105,1221,1105,2,2,5,1,2,0,0.03125,0,-1.0000000000000002,1
c10bcd1fe9019d6aa13d18676e77df8f,NULL,847,1109,847,1109,2,2,5,1,2,0,0.03125,0,-1.0000000000000002,1
e68c137f8407b8ca8e8d468b1b35d536,NULL,213,1114,213,1114,10,2.5,10,2,5,0,0.03125,0,-1.0000000000000002,1
23455ba9ff4dba28601e17ccb811b5ba,NULL,1635,1116,1635,1116,6,1.5,8,2,3,0,0.03125,0,-1.0000000000000002,1
2119579f84da950287d7681295c012fb,NULL,1620,1118,1620,1118,21,2.3333332538604736,17,3,7,0,0.03125,0,-1.0000000000000002,1
73bfa92125b1b83c532789fc03836e89,NULL,472,1119,472,1119,3,3,6,1,3,0,0.03125,0,-1.0000000000000002,1
8f139b97d945e281dfff5335a1eee4f3,NULL,1872,1119,1872,1119,30,1.2000000476837158,21,5,6,0,0.03125,0,-1.0000000000000002,1
e0f01340c2c5063c0070f1880e107248,NULL,552,1123,552,1123,6,1.5,6,2,3,0,0.03125,0,-1.0000000000000002,1
65802300c3500e98452489b26a34b354,NULL,1864,1130,1864,1130,9,1,8,3,3,0,0.03125,0,-1.0000000000000002,1
4bec9f2c3f99d51362eb80bb78983137,NULL,1258,1132,1258,1132,2,2,5,1,2,0,0.03125,0,-1.0000000000000002,1
a07f41bfffba4d62cb0d44f91c92a480,NULL,1666,1134,1666,1134,24,2.6666667461395264,23,3,8,0,0.03125,0,-1.0000000000000002,1
ca94d2a239fc29cc0552598e0baa1621,NULL,1558,1137,1558,1137,30,1.2000000476837158,24,5,6,0,0.03125,0,-1.0000000000000002,1
320ee2e363984782019d7a5befc775a9,NULL,1258,1141,1258,1141,2,2,5,2,1,0,0.03125,0,-1.0000000000000002,1
9b434c437f4e37ea4a41c1f07d919a6f,NULL,478,1143,478,1143,2,2,5,1,2,0,0.03125,0,-1.0000000000000002,1
a7ddaf113becf865697199644cea4ffa,NULL,1159,1146,1159,1146,5,5,7,1,5,0,0.03125,0,-1.0000000000000002,1
caa6725522cbbe5b3dd30f6125f797d3,NULL,1743,1148,1743,1148,2,2,5,1,2,0,0.03125,0,-1.0000000000000002,1
696bdee328cf6a473dcf6b36506baaa3,NULL,1274,1149,1274,1149,54,1.5,39,6,9,0,0.03125,0,-1.0000000000000002,1
239cd5a02fbe41bfbb744e8d49c0cec7,NULL,1762,1149,1762,1149,16,1,16,4,4,0,0.03125,0,-1.0000000000000002,1
cb2e08088a44ecdd2a245ea1a7e0112e,NULL,1777,1149,1777,1149,4,1,7,2,2,0,0.03125,0,-1.0000000000000002,1
2aa9d13d2026198c3d5a768130aa4970,NULL,419,1151,419,1151,12,1.3333333730697632,9,3,4,0,0.03125,0,-1.0000000000000002,1
ebe3cafd1f544e2554584fb25f1fec91,NULL,1963,1154,1963,1154,4,1,8,2,2,0,0.03125,0,-1.0000000000000002,1
dd2ff305158b2326599eaaa63267325d,NULL,1264,1157,1264,1157,48,1.3333333730697632,31,6,8,0,0.03125,0,-1.0000000000000002,1
e4058e9eed0175a7aaaae0aedfed6884,NULL,1177,1164,1177,1164,2,2,6,1,2,0,0.03125,0,-1.0000000000000002,1
0648e66c613f49eb58f6b324f0408823,NULL,569,1165,569,1165,441,1,201,21,21,0,0.03125,0,-1.0000000000000002,1
664100b0c6257347f7e9c374c89054a2,NULL,1087,1165,1087,1165,9,1,12,3,3,0,0.03125,0,-1.0000000000000002,1
5796efce0c694d356e3cf656ff3df41a,NULL,542,1167,542,1167,6,1.5,9,2,3,0,0.03125,0,-1.0000000000000002,1
c1284415553e739c60612975c9d76161,NULL,594,1167,594,1167,4,1,5,2,2,0,0.03125,0,-1.0000000000000002,1
f58219d30749f78551e8b912c319e673,NULL,550,1168,550,1168,9,1,14,3,3,0,0.03125,0,-1.0000000000000002,1
95f69ce01a4049a31509dd8e011f32de,NULL,1148,1168,1148,1168,2,2,5,2,1,0,0.03125,0,-1.0000000000000002,1
fad78a0cd10a2c0aff6279b8fa184abb,NULL,1897,1168,1897,1168,4,4,5,1,4,0,0.03125,0,-1.0000000000000002,1
b0506ddc643f88473e2055d88d85e97f,NULL,1243,1173,1243,1173,4,4,7,1,4,0,0.03125,0,-1.0000000000000002,1
e5cc30211281400350d0909bc615943f,NULL,585,1174,585,1174,684,2.1111111640930176,328,18,38,0,0.03125,0,-1.0000000000000002,1
2ef204e65d01ef491397a89e41ca78ad,NULL,1976,1178,1976,1178,6,1.5,6,3,2,0,0.03125,0,-1.0000000000000002,1
9b33393c218870ce9fe7c98daa6fded3,NULL,1911,1183,1911,1183,6,1.5,8,2,3,0,0.03125,0,-1.0000000000000002,1
1400cc596bce8104aae4b68f807f41eb,NULL,574,1191,574,1191,18,2,11,6,3,0,0.0625,3.640054944640259,-1,1
0507836ebba8fbe4f5d0aa2143edc2c1,NULL,1034,1191,1034,1191,36,2.25,32,9,4,0,0.03125,0,-1.0000000000000002,1
b741fa2fa3382800cd0ae7a59d5d9a9f,NULL,581,1193,581,1193,6,1.5,8,3,2,0,0.0625,3.640054944640259,-1,1
713b135d3fe80d5f6a38edc11805e6c1,NULL,581,1203,581,1203,4,1,8,2,2,0,0.03125,0,-1.0000000000000002,1
8f959dbba7d75161361514205a1a4d20,NULL,1064,1213,1064,1213,6,1.5,6,3,2,0,0.03125,0,-1.0000000000000002,1
e47347859e5c35bb4293d08574e0a13b,NULL,361,1215,361,1215,180,1.25,73,12,15,0,0.03125,0,-1.0000000000000002,1
e373452425804e0bf9f6d88418e135fb,NULL,326,1216,326,1216,4,1,7,2,2,0,0.03125,0,-1.0000000000000002,1
0b5d2677591f7b085c453b46b5a54eb7,NULL,2050,1218,2050,1218,48,1.3333333730697632,35,8,6,0,0.03125,0,-1.0000000000000002,1
7a9591072b3f291048ec1a884024bb55,NULL,2019,1223,2019,1223,12,1.3333333730697632,11,3,4,0,0.03125,0,-1.0000000000000002,1
1779c4bc807dbf2e6cd7a49c7788f9b7,NULL,1279,1227,1279,1227,28,1.75,19,4,7,0,0.03125,0,-1.0000000000000002,1
d0e382347aa882620b3d629f70e56046,NULL,360,1231,360,1231,9,1,10,3,3,0,0.03125,0,-1.0000000000000002,1
8fa4d60f1f79cf074cd54cea26d7b624,NULL,1265,1234,1265,1234,3,3,7,1,3,0,0.03125,0,-1.0000000000000002,1
8dd76289f0b3edf741e6b8b50bc7523f,NULL,1591,1241,1591,1241,24,1.5,22,4,6,0,0.03125,0,-1.0000000000000002,1
5b5abb1742f6a769801686b1e31ef41b,NULL,1402,1246,1402,1246,21,2.3333332538604736,13,3,7,0,0.03125,0,-1.0000000000000002,1
a4c2561b8aeb1f4b883ec314b84a3282,NULL,986,1248,986,1248,12,1.3333333730697632,12,3,4,0,0.03125,0,-1.0000000000000002,1
69083f9cc7212ad0e886805cb2f8a449,NULL,1640,1251,1640,1251,8,2,9,4,2,0,0.03125,0,-1.0000000000000002,1
e4ae8f51527b9fb22bb4374f7d32c679,NULL,1029,1252,1029,1252,20,1.25,17,4,5,0,0.03125,0,-1.0000000000000002,1
2a39993fd83aa34d590d3e95ed7a4afd,NULL,1242,1256,1242,1256,4,4,6,1,4,0,0.03125,0,-1.0000000000000002,1
bc523ea18765fa2e951f0a39ff517cd1,NULL,413,1263,413,1263,4,1,7,2,2,0,0.03125,0,-1.0000000000000002,1
a38c272958111ecb6694608c5802d37b,NULL,1712,1263,1712,1263,2,2,5,2,1,0,0.03125,0,-1.0000000000000002,1
c3887f0879bd73324f195fe3b1b702e4,NULL,1674,1269,1674,1269,15,1.6666666269302368,14,5,3,0,0.03125,0,-1.0000000000000002,1
69bf3b80f055d635778e327c02aadedb,NULL,1077,1271,1077,1271,5,5,10,1,5,0,0.03125,0,-1.0000000000000002,1
113380c34575e595c310f5e32e82a05e,NULL,1322,1276,1322,1276,4,1,8,2,2,0,0.03125,0,-1.0000000000000002,1
b57e04b38c9084118a5d93ac2881d5a0,NULL,891,1282,891,1282,9,1,11,3,3,0,0.03125,0,-1.0000000000000002,1
61e0723588f4718eb6693a4d38d7c420,NULL,1393,1284,1393,1284,12,1.3333333730697632,11,3,4,0,0.03125,0,-1.0000000000000002,1
02eb39b77da29934b078c27a954aa4a5,NULL,1165,1287,1165,1287,6,1.5,9,3,2,0,0.03125,0,-1.0000000000000002,1
e159b2c78e72e7f8dd627670aa2a2c3b,NULL,149,1288,149,1288,6,1.5,6,3,2,0,0.03125,0,-1.0000000000000002,1
f3bbd4e836327560cc2d9c58c7a5640a,NULL,889,1288,889,1288,4,1,5,2,2,0,0.0625,3.2015621187164243,-1,1
5bd1c8b1c58799e96498866e2ef8722e,NULL,894,1292,894,1292,3,3,7,3,1,0,0.0625,3.2015621187164243,-1,1
b20c10eee5157ea059e6b12e306309be,NULL,1236,1294,1236,1294,8,2,6,4,2,0,0.0625,2.5495097567963922,-1,1
6ce063906c8a756ab6bbf67615f7e1c5,NULL,364,1295,364,1295,2,2,5,1,2,0,0.03125,0,-1.0000000000000002,1
9da8316e252fe3bf4b34575526bdb78d,NULL,1241,1295,1241,1295,6,1.5,7,2,3,0,0.0625,2.5495097567963922,-1,1
13f7046537ae2d6195bb3626eaa483f3,NULL,1477,1298,1477,1298,8,2,8,2,4,0,0.03125,0,-1.0000000000000002,1
44a882bbb0166f5554f948ec40a9a082,NULL,2185,1304,2185,1304,18,4.5,16,2,9,0,0.03125,0,-1.0000000000000002,1
bb2bbfa0638252115932b3f7b0ed614b,NULL,758,1312,758,1312,6,1.5,5,2,3,0,0.03125,0,-1.0000000000000002,1
6336daa499c26657e44dab60232a9946,NULL,954,1315,954,1315,15,1.6666666269302368,12,3,5,0,0.03125,0,-1.0000000000000002,1
0b6685123640d4e19e6c6d83273157a9,NULL,1271,1316,1271,1316,18,2,17,3,6,0,0.03125,0,-1.0000000000000002,1
d53d9648738971e7e0e7864f214f6b96,NULL,1484,1317,1484,1317,3,3,8,1,3,0,0.03125,0,-1.0000000000000002,1
57651ea10af7a7b47b7e783f3647c35e,NULL,2169,1319,2169,1319,20,1.25,19,5,4,0,0.03125,0,-1.0000000000000002,1
7e7a225960dc28054c867c942a7a73e2,NULL,1211,1320,1211,1320,72,1.125,52,9,8,0,0.03125,0,-1.0000000000000002,1
a76fe2c359bea77463a118e6e475fc25,NULL,1398,1326,1398,1326,6,1.5,5,2,3,0,0.03125,0,-1.0000000000000002,1
0873487186a0a8110cc0975ce8b9500c,NULL,753,1327,753,1327,48,1.3333333730697632,29,8,6,0,0.03125,0,-1.0000000000000002,1
38d165ce5712a2e34dd25b4c297a033a,NULL,1155,1327,1155,1327,3,3,7,1,3,0,0.03125,0,-1.0000000000000002,1
9b9c14572d072e93953395ddbb75d401,NULL,1872,1331,1872,1331,81,1,54,9,9,0,0.03125,0,-1.0000000000000002,1
b8b82c6a1bad7e538d1a54a6dc39a255,NULL,1113,1333,1113,1333,20,1.25,24,5,4,0,0.03125,0,-1.0000000000000002,1
ee488c9d5faefd0f6847cd0a1d5eaf0c,NULL,1736,1341,1736,1341,12,1.3333333730697632,13,4,3,0,0.03125,0,-1.0000000000000002,1
4810f35322baf9258bda3bd2a10a38d0,NULL,1200,1343,1200,1343,20,1.25,14,5,4,0,0.03125,0,-1.0000000000000002,1
3900a66aaf5b9b92497480f374ee7462,NULL,1445,1346,1445,1346,32,2,17,4,8,0,0.03125,0,-1.0000000000000002,1
55b59f15e53cbf418f87003298400f96,NULL,657,1347,657,1347,4,1,7,2,2,0,0.03125,0,-1.0000000000000002,1
30b0983f9aa4710d3d12930c0d3fd482,NULL,844,1347,844,1347,3,3,7,3,1,0,0.03125,0,-1.0000000000000002,1
02c97549f752d40da8a428263cc5a224,NULL,1407,1347,1407,1347,6,1.5,10,2,3,0,0.03125,0,-1.0000000000000002,1
10e833495c32ee954d7183726eeda7d9,NULL,577,1351,577,1351,2,2,5,1,2,0,0.03125,0,-1.0000000000000002,1
779958d87d2c4f9f8467fa39fa8087f7,NULL,628,1351,628,1351,18,2,22,6,3,0,0.03125,0,-1.0000000000000002,1
4c45ac9f951469b7d118c49b5604b0cb,NULL,1196,1354,1196,1354,4,4,7,1,4,0,0.03125,0,-1.0000000000000002,1
fb8afcc99276f464c1e49347ec4c8334,NULL,1050,1356,1050,1356,2,2,5,1,2,0,0.03125,0,-1.0000000000000002,1
d88be51de18c0466e0cb65ef2f31fa50,NULL,695,1360,695,1360,12,1.3333333730697632,9,4,3,0,0.03125,0,-1.0000000000000002,1
6520a54d13664ba7c455fc18a3fc0692,NULL,1467,1360,1467,1360,4,1,7,2,2,0,0.03125,0,-1.0000000000000002,1
5c852571f40ee28b3e7e853a37727e82,NULL,1371,1362,1371,1362,4,1,5,2,2,0,0.03125,0,-1.0000000000000002,1
d8480875af595474cb57b89a606fe5e8,NULL,288,1366,288,1366,8,2,11,4,2,0,0.03125,0,-1.0000000000000002,1
acc20aa5ce52d1ace4f26dfbdacb1d35,NULL,1343,1366,1343,1366,6,6,13,1,6,0,0.03125,0,-1.0000000000000002,1
2c2c630d709d5febcb4ef691f3b081ef,NULL,1142,1368,1142,1368,6,1.5,6,2,3,0,0.03125,0,-1.0000000000000002,1
138d50b2e1383b486d033c4690cbcc6f,NULL,1405,1368,1405,1368,9,1,11,3,3,0,0.03125,0,-1.0000000000000002,1
149cc1f8c3d4a8b0aa9aa2e26a64ce5e,NULL,2034,1368,2034,1368,15,1.6666666269302368,18,3,5,0,0.03125,0,-1.0000000000000002,1
f57ea346d465951284bc4e48fef55af9,NULL,225,1370,225,1370,3,3,5,1,3,0,0.03125,0,-1.0000000000000002,1
da88236a92497f61d6085f63e6b8f7ee,NULL,1056,1370,1056,1370,8,2,7,2,4,0,0.03125,0,-1.0000000000000002,1
9731c953d9ed44c61e51d7562dcd2e29,NULL,1373,1372,1373,1372,6,1.5,11,3,2,0,0.03125,0,-1.0000000000000002,1
cc52eb43715f1d48e8bb4040f46368f2,NULL,1242,1373,1242,1373,10,2.5,11,5,2,0,0.03125,0,-1.0000000000000002,1
3eeebc2d2e448d032b7b40eea91179a9,NULL,407,1374,407,1374,30,1.2000000476837158,19,6,5,0,0.03125,0,-1.0000000000000002,1
aa934f62b4d194905e5b55cb2ce4a43e,NULL,424,1374,424,1374,12,1.3333333730697632,12,4,3,0,0.03125,0,-1.0000000000000002,1
267820509da54c634394a64d5819aac0,NULL,1107,1375,1107,1375,8,2,11,2,4,0,0.03125,0,-1.0000000000000002,1
817336b8873aa1e9a9d432a16ca3bacd,NULL,290,1377,290,1377,18,2,15,3,6,0,0.0625,2.692582403567252,-0.9999999999999999,1
a577f967f03c57a34b2b232cc445aaa0,NULL,971,1377,971,1377,8,2,11,2,4,0,0.03125,0,-1.0000000000000002,1
2af4999adb14abaf9f4f8395455027dd,NULL,1748,1377,1748,1377,10,2.5,12,5,2,0,0.03125,0,-1.0000000000000002,1
94a3080037bb1b0f82c7f4548748c02e,NULL,2035,1378,2035,1378,6,1.5,6,2,3,0,0.03125,0,-1.0000000000000002,1
3251114daa4471948f09b1071a66bc56,NULL,295,1379,295,1379,4,4,6,1,4,0,0.0625,2.692582403567252,-0.9999999999999999,1
59a7c242892e676e709412acb41fcd07,NULL,1126,1379,1126,1379,4,1,7,2,2,0,0.03125,0,-1.0000000000000002,1
7ea6645601cdf677300776f471612c9a,NULL,1437,1379,1437,1379,9,1,12,3,3,0,0.03125,0,-1.0000000000000002,1
2e52d8b96504b610b7d0538504db4439,NULL,1072,1383,1072,1383,48,1.3333333730697632,38,6,8,0,0.03125,0,-1.0000000000000002,1
9ed7b315f94233bebb66650c951f2a31,NULL,574,1384,574,1384,8,2,8,4,2,0,0.03125,0,-1.0000000000000002,1
d12b5014d57c209e4e032e3e865ad176,NULL,1410,1384,1410,1384,20,1.25,15,5,4,0,0.03125,0,-1.0000000000000002,1
bfeb60cedd458479b0310c55a95bde4b,NULL,1346,1390,1346,1390,3,3,7,1,3,0,0.03125,0,-1.0000000000000002,1
1c5e5efc51f593058c904dce08e86997,NULL,1096,1394,1096,1394,54,1.5,40,6,9,0,0.03125,0,-1.0000000000000002,1
39773117616cdf3d68add416d980a5b7,NULL,1409,1394,1409,1394,2,2,5,1,2,0,0.03125,0,-1.0000000000000002,1
77458ecaff1c0b1f87f77ec050b96956,NULL,2123,1398,2123,1398,16,1,12,4,4,0,0.0625,4.031128874149275,-1.0000000000000002,1
35f4bc7bac8130964be00e58e7b32c94,NULL,1289,1399,1289,1399,7,7,10,1,7,0,0.03125,0,-1.0000000000000002,1
6f6a95f559dcff8bc42b6f668a15b30d,NULL,1116,1400,1116,1400,8,2,11,2,4,0,0.03125,0,-1.0000000000000002,1
1e21eb15fd5cd6b8dba9ab90b2cde7d5,NULL,1433,1400,1433,1400,24,1.5,16,6,4,0,0.03125,0,-1.0000000000000002,1
15f40e19ed41861ee12165841c7b64fa,NULL,1867,1400,1867,1400,6,1.5,8,3,2,0,0.03125,0,-1.0000000000000002,1
34dc7865ccf355d8fb16c88a03c5959f,NULL,1103,1402,1103,1402,6,1.5,7,2,3,0,0.03125,0,-1.0000000000000002,1
03d122911221bd898ee50b91c493de14,NULL,2122,1406,2122,1406,28,1.75,21,7,4,0,0.0625,4.031128874149275,-1.0000000000000002,1
b198c473a18c0724db6bb51164365f2c,NULL,920,1407,920,1407,24,1.5,19,4,6,0,0.0625,3.2015621187164243,-1,1
a87576d9d265ab6e9e3d01ef05247f6b,NULL,1785,1408,1785,1408,8,2,12,2,4,0,0.0625,4.527692569068709,-1,1
22597dd43c49540e457f1ce4b2148de3,NULL,1634,1409,1634,1409,6,1.5,7,2,3,0,0.03125,0,-1.0000000000000002,1
27c7799c8abf3c6826fe12fad00fcabc,NULL,915,1411,915,1411,2,2,5,1,2,0,0.09375,3.077183787393013,-0.7990977115914545,1
ef15cb74ae480cda5be8fa21522e765f,NULL,917,1413,917,1413,42,1.1666666269302368,28,7,6,0,0.0625,1.4142135623730951,-0.9999999999999998,1
f95222a0a75bad7b8784a6b5c44f4f67,NULL,1784,1417,1784,1417,4,1,6,2,2,0,0.0625,4.527692569068709,-1,1
b18331d8c1e3d86663aa1e407ab80f4c,NULL,1842,1417,1842,1417,6,1.5,7,3,2,0,0.03125,0,-1.0000000000000002,1
0882bed2d5b8576ab7bc5596324a943b,NULL,1078,1418,1078,1418,9,1,11,3,3,0,0.03125,0,-1.0000000000000002,1
7a390a65cae84305b0401865f5b84013,NULL,1487,1421,1487,1421,2,2,6,1,2,0,0.03125,0,-1.0000000000000002,1
c5d47f07709588e3d99e63d556986949,NULL,1727,1422,1727,1422,2,2,5,1,2,0,0.03125,0,-1.0000000000000002,1
576978216cb18c4c7d263c3ec55850a4,NULL,1266,1426,1266,1426,2,2,5,1,2,0,0.0625,3.2015621187164243,-1,1
3a981837dec15aa1065313dd43505877,NULL,1860,1426,1860,1426,32,2,12,4,8,0,0.03125,0,-1.0000000000000002,1
813d8efc3849793b28ca299b76671141,NULL,986,1427,986,1427,2,2,5,1,2,0,0.03125,0,-1.0000000000000002,1
8965893f2292e06f88e8d7344ce46199,NULL,958,1428,958,1428,28,1.75,24,4,7,0,0.03125,0,-1.0000000000000002,1
422e4ebf726ac3366843db041ec524b5,NULL,936,1429,936,1429,40,1.600000023841858,26,5,8,0,0.03125,0,-1.0000000000000002,1
ea7b009e56532945890db236b4c91bdc,NULL,2204,1429,2204,1429,9,1,6,3,3,0,0.03125,0,-1.0000000000000002,1
c961f330dc7c57ffcbf1ec9891797ebb,NULL,1208,1431,1208,1431,10,2.5,10,2,5,0,0.03125,0,-1.0000000000000002,1
b0ac62cc02dd875268f9ef3fe287051d,NULL,1262,1431,1262,1431,3,3,7,1,3,0,0.0625,3.2015621187164243,-1,1
d46610f1f72f027e50d5f15457af4fe5,NULL,1881,1432,1881,1432,5,5,6,1,5,0,0.03125,0,-1.0000000000000002,1
c9ef66f2fdce34c53572548c0401b74f,NULL,2128,1434,2128,1434,3,3,8,1,3,0,0.03125,0,-1.0000000000000002,1
ea382ba3b48ac96048f825f1b74d3917,NULL,1464,1438,1464,1438,12,3,13,2,6,0,0.03125,0,-1.0000000000000002,1
db611e3e949b93f6a2231fd836b4a69c,NULL,1390,1439,1390,1439,6,1.5,10,3,2,0,0.03125,0,-1.0000000000000002,1
383ed1c7321fc2fb75f429115b021a80,NULL,936,1440,936,1440,20,1.25,22,4,5,0,0.03125,0,-1.0000000000000002,1
410105abf9cf861c30de806d2a5db1f5,NULL,1085,1441,1085,1441,16,1,19,4,4,0,0.03125,0,-1.0000000000000002,1
a8e80f112940d586dba0a14c8e478771,NULL,2106,1443,2106,1443,28,1.75,15,4,7,0,0.03125,0,-1.0000000000000002,1
6713bca04385e9f9d8e21879c1d3de26,NULL,921,1445,921,1445,3,3,6,1,3,0,0.03125,0,-1.0000000000000002,1
79a587ea1d7e5d5508b4ff67a261b89b,NULL,1300,1446,1300,1446,25,1,17,5,5,0,0.03125,0,-1.0000000000000002,1
cc67ad59b236ac8703ab3a626593fa6a,NULL,1254,1447,1254,1447,5,5,10,1,5,0,0.03125,0,-1.0000000000000002,1
714f0f517b38975e358132d94853487f,NULL,1900,1447,1900,1447,4,1,8,2,2,0,0.03125,0,-1.0000000000000002,1
0a89d26b96d65cf205b78289b784c1c5,NULL,506,1449,506,1449,8,2,10,2,4,0,0.03125,0,-1.0000000000000002,1
1b68a6f9ba7abdd24cdc60c258663536,NULL,1809,1449,1809,1449,2,2,6,1,2,0,0.03125,0,-1.0000000000000002,1
198f1b67d8d2d2f8923c73729bd001d5,NULL,895,1453,895,1453,2,2,6,1,2,0,0.03125,0,-1.0000000000000002,1
24d654a92e1ad40893cef2ab31f54dba,NULL,1415,1453,1415,1453,3,3,5,1,3,0,0.03125,0,-1.0000000000000002,1
b7586b5726ec678ed5a2f5f5acd66994,NULL,1068,1455,1068,1455,3,3,5,1,3,0,0.0625,3.1622776601683795,-1,1
4760e8ca162f72e90235ecbe88babab0,NULL,1630,1456,1630,1456,24,1.5,23,4,6,0,0.03125,0,-1.0000000000000002,1
d1c8c44c7eb3a9675e611b1965246764,NULL,1217,1460,1217,1460,6,1.5,10,2,3,0,0.03125,0,-1.0000000000000002,1
d32e95d14d740111cd3f5f60385bdf2e,NULL,1070,1461,1070,1461,4,1,8,2,2,0,0.0625,3.1622776601683795,-1,1
8792901e6fdb1791bc51d160f811ee01,NULL,939,1466,939,1466,9,1,11,3,3,0,0.03125,0,-1.0000000000000002,1
d4783f93987e647cdaeb033c516115a4,NULL,1355,1466,1355,1466,2,2,5,2,1,0,0.03125,0,-1.0000000000000002,1
8d22a1b98069e40d3a5bbe08924f58b2,NULL,1880,1467,1880,1467,9,1,12,3,3,0,0.03125,0,-1.0000000000000002,1
89c5f36452de482945ef7c0dfcc99512,NULL,1277,1468,1277,1468,18,2,17,3,6,0,0.03125,0,-1.0000000000000002,1
77fafe790cd5f18e2e98df7fd3b2934e,NULL,1623,1468,1623,1468,2,2,5,2,1,0,0.03125,0,-1.0000000000000002,1
fe90c5290a422dd6098121419c7dda10,NULL,1775,1471,1775,1471,6,6,8,1,6,0,0.03125,0,-1.0000000000000002,1
22e6c2ffdb4cc78a694d82585ab27f93,NULL,1766,1473,1766,1473,9,1,12,3,3,0,0.03125,0,-1.0000000000000002,1
ecb779b2bbbf33452fff24621f4ae8e7,NULL,2143,1474,2143,1474,4,1,5,2,2,0,0.03125,0,-1.0000000000000002,1
1b29844ef8c72a04ab514ee737f344e8,NULL,1325,1477,1325,1477,12,1.3333333730697632,8,3,4,0,0.03125,0,-1.0000000000000002,1
1e9a238ba5a7624bd875446bd601b373,NULL,1243,1478,1243,1478,10,2.5,11,5,2,0,0.03125,0,-1.0000000000000002,1
a2accaa720b83cbaf3322a3cc6100679,NULL,763,1482,763,1482,18,2,14,3,6,0,0.03125,0,-1.0000000000000002,1
099f31c9ee01e66e79369c664956f927,NULL,1002,1484,1002,1484,40,1.600000023841858,26,5,8,0,0.03125,0,-1.0000000000000002,1
2603ba3f6335251381d889499a26cd88,NULL,565,1485,565,1485,3,3,6,1,3,0,0.03125,0,-1.0000000000000002,1
1279bef146e66004b98ef5da052090ad,NULL,1157,1485,1157,1485,25,1,19,5,5,0,0.03125,0,-1.0000000000000002,1
19cf034600315223cee48d094134fe9a,NULL,1310,1485,1310,1485,12,1.3333333730697632,14,3,4,0,0.03125,0,-1.0000000000000002,1
213cd24563d70dba9988fa359c65f1a6,NULL,2282,1485,2282,1485,16,1,16,4,4,0,0.03125,0,-1.0000000000000002,1
bb4c741d6361f92a48a4beed44531745,NULL,1970,1490,1970,1490,8,2,11,2,4,0,0.03125,0,-1.0000000000000002,1
5e639080f3d879a8e01a68c67494a15f,NULL,2309,1492,2309,1492,10,2.5,11,2,5,0,0.03125,0,-1.0000000000000002,1
84168aed59648e6bc3211ab6f18cbcf8,NULL,1008,1494,1008,1494,2,2,5,1,2,0,0.03125,0,-1.0000000000000002,1
b5d829c2bc38b1841637c8e1e8f09d2a,NULL,1412,1495,1412,1495,6,1.5,9,3,2,0,0.03125,0,-1.0000000000000002,1
fde877fb10b5acb694bfa85c9576dec5,NULL,951,1496,951,1496,85,3.4000000953674316,53,5,17,0,0.03125,0,-1.0000000000000002,1
612e5bd6545b2f0a81cb414eea85bd2c,NULL,1669,1498,1669,1498,16,4,14,2,8,0,0.0625,2.5495097567963922,-1,1
5bac983ef14644a8f2335eb03ce25af7,NULL,2211,1498,2211,1498,6,6,9,1,6,0,0.03125,0,-1.0000000000000002,1
f3cdbcf18b439c4b7fcc2eb6222d1546,NULL,1536,1499,1536,1499,2,2,5,2,1,0,0.03125,0,-1.0000000000000002,1
e138044f5c364c2ca50392576a7d59a8,NULL,1664,1499,1664,1499,4,1,7,2,2,0,0.0625,2.5495097567963922,-1,1
65833974b5279a220bb80d70b1210913,NULL,1753,1499,1753,1499,9,1,9,3,3,0,0.03125,0,-1.0000000000000002,1
0d60017e38a65b9ea347ab3759856065,NULL,982,1500,982,1500,30,1.2000000476837158,24,6,5,0,0.0625,3.5355339059327378,-1,1
1d12cd714ff1e521f251f45608604f45,NULL,1527,1504,1527,1504,20,1.25,17,4,5,0,0.03125,0,-1.0000000000000002,1
5cd6c98f52a9cb787671eea9e3eacb1f,NULL,981,1507,981,1507,15,1.6666666269302368,14,3,5,0,0.0625,3.5355339059327378,-1,1
957e73e758cb835e1154a83f5226d41f,NULL,889,1508,889,1508,2,2,5,2,1,0,0.03125,0,-1.0000000000000002,1
ba038cd2ed064da32e789f6ab1ca1f58,NULL,1414,1517,1414,1517,9,1,7,3,3,0,0.03125,0,-1.0000000000000002,1
d2ba81689c6accbe1f8ff672e7f482da,NULL,512,1518,512,1518,10,2.5,13,2,5,0,0.03125,0,-1.0000000000000002,1
0fd494e4aa9510641b34d39902b33240,NULL,964,1521,964,1521,8,2,8,2,4,0,0.03125,0,-1.0000000000000002,1
816e824e06a77149601a32b503a27757,NULL,1007,1521,1007,1521,15,1.6666666269302368,14,3,5,0,0.03125,0,-1.0000000000000002,1
bbcbe5e3e72d1748bd791d92c76701d6,NULL,1764,1521,1764,1521,20,1.25,18,4,5,0,0.03125,0,-1.0000000000000002,1
e2a7da3950d83dfc2bad858427d9d3c9,NULL,1978,1521,1978,1521,12,1.3333333730697632,10,3,4,0,0.03125,0,-1.0000000000000002,1
fd6342ee05cad2ef9846b17093eff97d,NULL,985,1523,985,1523,16,1,17,4,4,0,0.03125,0,-1.0000000000000002,1
dfc596dc03323975ead60e51e46950f2,NULL,2302,1523,2302,1523,15,1.6666666269302368,14,3,5,0,0.03125,0,-1.0000000000000002,1
125a4746e4bf80308eb040ca1563c1fa,NULL,1391,1524,1391,1524,4,1,6,2,2,0,0.0625,3.0413812651491097,-1,1
f28ec80a46bcf4049d4f158f109beede,NULL,1663,1525,1663,1525,2,2,5,1,2,0,0.03125,0,-1.0000000000000002,1
3cb9d20e5b2b799b709427b1b3ff3131,NULL,657,1526,657,1526,12,1.3333333730697632,15,3,4,0,0.03125,0,-1.0000000000000002,1
47ab0930d76cd5f7b6b7aa5824d2cebf,NULL,1486,1528,1486,1528,2,2,5,1,2,0,0.03125,0,-1.0000000000000002,1
377398a793b4ae0e546ebffb579bcf27,NULL,2188,1529,2188,1529,4,1,7,2,2,0,0.03125,0,-1.0000000000000002,1
b86e05005b0d1cb10fa28cbf8f7c21d1,NULL,2284,1529,2284,1529,12,1.3333333730697632,11,3,4,0,0.03125,0,-1.0000000000000002,1
b620a9664c8b62a315dfa0c7dd5e7bd9,NULL,1392,1530,1392,1530,20,1.25,19,4,5,0,0.0625,3.0413812651491097,-1,1
5cd9a31d6ad0a1caa849f340dab18e60,NULL,1764,1530,1764,1530,4,1,6,2,2,0,0.03125,0,-1.0000000000000002,1
07ca85269640ebc24d51e80a621c9a2f,NULL,2125,1533,2125,1533,12,1.3333333730697632,17,3,4,0,0.03125,0,-1.0000000000000002,1
6d59bbf29a1f35de6607470635ec9b84,NULL,2228,1534,2228,1534,8,2,12,2,4,0,0.03125,0,-1.0000000000000002,1
30b23d02690add9ee059904680cb565d,NULL,1636,1537,1636,1537,18,2,14,3,6,0,0.03125,0,-1.0000000000000002,1
5f4989011b7543fd2e82595a3b670c07,NULL,2309,1539,2309,1539,2,2,5,1,2,0,0.03125,0,-1.0000000000000002,1
cb635530cf4ac5818a814ec0a17bfac9,NULL,2382,1539,2382,1539,4,1,5,2,2,0,0.03125,0,-1.0000000000000002,1
75d36be6d285c61a08da9831ff9fc418,NULL,2106,1542,2106,1542,99,1.2222222089767456,39,9,11,0,0.03125,0,-1.0000000000000002,1
4c23587b45b2e7ca8e261c4bd27302d5,NULL,2125,1543,2125,1543,4,4,5,1,4,0,0.03125,0,-1.0000000000000002,1
0960decab8124473e55bddd360f94499,NULL,2326,1545,2326,1545,2,2,5,1,2,0,0.03125,0,-1.0000000000000002,1
4441cdcc65a327475699931313b066fb,NULL,1209,1546,1209,1546,8,2,10,2,4,0,0.03125,0,-1.0000000000000002,1
0edf0b029358aa3ebb64f4a1755e7d73,NULL,2116,1546,2116,1546,21,2.3333332538604736,20,3,7,0,0.03125,0,-1.0000000000000002,1
65174450f2276dfb1fa2b983a8d89100,NULL,1854,1547,1854,1547,18,2,16,3,6,0,0.03125,0,-1.0000000000000002,1
60d2ff83c13bdcdc1a1112f87654a472,NULL,2197,1547,2197,1547,2,2,5,2,1,0,0.03125,0,-1.0000000000000002,1
2d53a630a7af1c3cb1c7b817bd7e32b4,NULL,911,1548,911,1548,3,3,5,1,3,0,0.03125,0,-1.0000000000000002,1
2fbf90c03ad1ac092535a4bba58ad461,NULL,1368,1548,1368,1548,2,2,6,1,2,0,0.03125,0,-1.0000000000000002,1
ddc7a16aea3c2adebdcdc781a6716420,NULL,1779,1548,1779,1548,18,2,12,3,6,0,0.03125,0,-1.0000000000000002,1
cf311afb3b358c0cc890b7fe743f1a3d,NULL,1734,1551,1734,1551,50,2,36,5,10,0,0.03125,0,-1.0000000000000002,1
630ebfe247e2d6a733dbbf9bcd6ba75c,NULL,855,1552,855,1552,9,1,11,3,3,0,0.03125,0,-1.0000000000000002,1
7dde80e2896ffc8ef11eeee79c8e75aa,NULL,2041,1560,2041,1560,4,1,5,2,2,0,0.03125,0,-1.0000000000000002,1
541b7784c22c7a3dca936be7dfb76783,NULL,1702,1561,1702,1561,35,1.399999976158142,29,7,5,0,0.03125,0,-1.0000000000000002,1
cc1ec006be7f7ece25372a00514d01f8,NULL,1784,1562,1784,1562,12,1.3333333730697632,13,4,3,0,0.03125,0,-1.0000000000000002,1
40266801f4e5124a606f5e5c9decdd4c,NULL,686,1563,686,1563,8,2,10,2,4,0,0.03125,0,-1.0000000000000002,1
e89d6607d20d9b18592e649bd955c8a5,NULL,984,1571,984,1571,5,5,9,1,5,0,0.03125,0,-1.0000000000000002,1
88c8220c4a94fda401a6e310ffbfcce5,NULL,2340,1571,2340,1571,6,6,8,1,6,0,0.03125,0,-1.0000000000000002,1
2e8990ffb062acf23931fb809af1b0e5,NULL,672,1575,672,1575,9,1,10,3,3,0,0.03125,0,-1.0000000000000002,1
e476113f6e602ad75ae089c740589c83,NULL,549,1576,549,1576,20,1.25,16,4,5,0,0.03125,0,-1.0000000000000002,1
1eff044338941b52ddd12602a1ac24b0,NULL,1275,1579,1275,1579,6,6,10,1,6,0,0.03125,0,-1.0000000000000002,1
f059579ec9965886db2fa4635ddf540e,NULL,2433,1579,2433,1579,20,1.25,23,5,4,0,0.03125,0,-1.0000000000000002,1
2f42899032e001df000874d9341818a7,NULL,946,1580,946,1580,4,1,6,2,2,0,0.03125,0,-1.0000000000000002,1
d64762170dcec62f5adc4d1fdfd90bf8,NULL,1887,1580,1887,1580,6,1.5,10,3,2,0,0.03125,0,-1.0000000000000002,1
fc6a213ccae54be5f251368e61c3470d,NULL,1978,1580,1978,1580,2,2,6,1,2,0,0.03125,0,-1.0000000000000002,1
b8f2f1cc6b36f61dcc4bf5a5010b3a35,NULL,2031,1580,2031,1580,56,1.1428571939468384,31,8,7,0,0.03125,0,-1.0000000000000002,1
ce33505a7a439cb3f6790dedbf52d8d8,NULL,1526,1581,1526,1581,6,1.5,10,3,2,0,0.03125,0,-1.0000000000000002,1
34605b2c27448f6f3fda5cf3fee866cb,NULL,2104,1582,2104,1582,4,4,6,1,4,0,0.03125,0,-1.0000000000000002,1
ad92cdc397bdddade73158270dcd0ade,NULL,855,1583,855,1583,6,1.5,7,3,2,0,0.03125,0,-1.0000000000000002,1
78685ab5e217a8ce4d3defd06009b697,NULL,546,1584,546,1584,4,1,7,2,2,0,0.0625,3.605551275463989,-1.0000000000000002,1
fb75aaa298d47a0ba9d0d302b486d13b,NULL,526,1587,526,1587,8,2,10,2,4,0,0.03125,0,-1.0000000000000002,1
d0372d3058c6bab82dd14676a6b56cfd,NULL,550,1590,550,1590,4,1,6,2,2,0,0.0625,3.605551275463989,-1.0000000000000002,1
8496dae62ec42307dd300f61e32e47ee,NULL,997,1594,997,1594,6,1.5,7,2,3,0,0.03125,0,-1.0000000000000002,1
b1f7bd1909e5954b23ae3c697c09040d,NULL,475,1598,475,1598,4,1,5,2,2,0,0.03125,0,-1.0000000000000002,1
ebfb865b1339cfd6e500bb7e02f2edcf,NULL,1033,1598,1033,1598,4,4,6,1,4,0,0.03125,0,-1.0000000000000002,1
a172e4e7fc29ef027ef59a703df54815,NULL,2422,1598,2422,1598,6,1.5,5,3,2,0,0.03125,0,-1.0000000000000002,1
417a587c8008ce4c1e43e81d7631d454,NULL,2501,1599,2501,1599,6,6,8,1,6,0,0.03125,0,-1.0000000000000002,1
2c97822084f3cdb8c9d57ce94906f4b7,NULL,2234,1601,2234,1601,18,4.5,20,2,9,0,0.03125,0,-1.0000000000000002,1
2a9f40021be36d2542dbd99ead9be4c0,NULL,1899,1602,1899,1602,2,2,6,1,2,0,0.03125,0,-1.0000000000000002,1
e1c4580b9d5e39e0a9e4175066a11783,NULL,619,1606,619,1606,4,1,7,2,2,0,0.03125,0,-1.0000000000000002,1
889f8fb524c80180f6106cb3b37ef892,NULL,1114,1606,1114,1606,20,1.25,13,5,4,0,0.03125,0,-1.0000000000000002,1
dad4abcb3aa971cce9bb15a9a25f73a5,NULL,1524,1608,1524,1608,3,3,5,3,1,0,0.03125,0,-1.0000000000000002,1
884be656a0ead7b005e60b5017b65f35,NULL,1310,1609,1310,1609,4,4,7,1,4,0,0.03125,0,-1.0000000000000002,1
15fc4505a0d8edc66bde02ddf5bf94e5,NULL,1759,1611,1759,1611,14,3.5,11,2,7,0,0.03125,0,-1.0000000000000002,1
0f5c1e00ee45c42ef446fd5693461a40,NULL,1827,1611,1827,1611,3,3,5,1,3,0,0.03125,0,-1.0000000000000002,1
a72fead419eedb005d6b63451a81e1aa,NULL,2372,1612,2372,1612,12,1.3333333730697632,11,4,3,0,0.03125,0,-1.0000000000000002,1
e39a7be1ef8c6acb142c7409132b97c3,NULL,826,1613,826,1613,10,2.5,9,2,5,0,0.0625,4.272001872658765,-1.0000000000000002,1
644702b55911ae8eb5e0642df0d39473,NULL,894,1613,894,1613,9,1,11,3,3,0,0.03125,0,-1.0000000000000002,1
8088a906afc944e9d3ef5adfc6a44eee,NULL,2230,1618,2230,1618,6,1.5,5,2,3,0,0.03125,0,-1.0000000000000002,1
e645be6d25f326d1adefd3eb73310f53,NULL,961,1620,961,1620,12,1.3333333730697632,12,4,3,0,0.03125,0,-1.0000000000000002,1
dbd0e279df5dc90520d2de3a517076e8,NULL,679,1621,679,1621,15,1.6666666269302368,16,3,5,0,0.03125,0,-1.0000000000000002,1
00247f9942777ba4b43b59d8f0c0babb,NULL,823,1621,823,1621,40,2.5,28,4,10,0,0.0625,4.272001872658765,-1.0000000000000002,1
47632e22fde143de45094f4b902732b6,NULL,1812,1631,1812,1631,4,4,7,1,4,0,0.03125,0,-1.0000000000000002,1
94aa6b6e3cfec50bab600b666e5ada1b,NULL,716,1632,716,1632,4,1,7,2,2,0,0.03125,0,-1.0000000000000002,1
286eda05a9a9758246f003444be647dc,NULL,1247,1634,1247,1634,72,2,41,6,12,0,0.03125,0,-1.0000000000000002,1
34318373958cb9eb96a7d42b464bc45b,NULL,494,1639,494,1639,4,1,7,2,2,0,0.03125,0,-1.0000000000000002,1
5259f4c2fc2812de8e404b3be8ce7fe3,NULL,1917,1639,1917,1639,3,3,6,1,3,0,0.03125,0,-1.0000000000000002,1
680baa356a5edfcd351369710b1784a8,NULL,2113,1642,2113,1642,12,3,10,2,6,0,0.0625,3.3541019662496847,-1,1
e8fcc739b70f1ebfb55725ac3af708f1,NULL,1146,1643,1146,1643,6,1.5,6,2,3,0,0.03125,0,-1.0000000000000002,1
a1021cf3c9b6590cb3e6cc9ce7be2c6c,NULL,2250,1643,2250,1643,6,1.5,8,3,2,0,0.03125,0,-1.0000000000000002,1
b480ccd3ad63d3b61623b97b23a48add,NULL,1076,1644,1076,1644,6,1.5,11,2,3,0,0.03125,0,-1.0000000000000002,1
169269d49762d98fd103544ce233d427,NULL,2119,1645,2119,1645,5,5,9,1,5,0,0.0625,3.3541019662496847,-1,1
78cfa7a3b881b184ae09afe3a1579a3b,NULL,1863,1649,1863,1649,15,1.6666666269302368,15,3,5,0,0.03125,0,-1.0000000000000002,1
dab0ed4dee6319184d72d7ac74d00bee,NULL,2112,1650,2112,1650,6,1.5,8,2,3,0,0.03125,0,-1.0000000000000002,1
c90521b4cfc5c9593eba2defc794adc3,NULL,2242,1651,2242,1651,20,1.25,15,4,5,0,0.03125,0,-1.0000000000000002,1
80b0f49a292f3028200ef5e430a44d58,NULL,1482,1655,1482,1655,3,3,7,1,3,0,0.03125,0,-1.0000000000000002,1
d040c521663f0cada0ec6b2ac02b6b06,NULL,827,1657,827,1657,44,2.75,31,4,11,0,0.03125,0,-1.0000000000000002,1
00cd86f7d87c49814d9b5168593e19f8,NULL,2209,1661,2209,1661,4,4,7,1,4,0,0.03125,0,-1.0000000000000002,1
f33989aabb2b30e78a98f69737dc5b4d,NULL,535,1662,535,1662,12,1.3333333730697632,14,3,4,0,0.03125,0,-1.0000000000000002,1
acaccbb280c280e092985c6c7aca5f6a,NULL,2612,1662,2612,1662,9,1,9,3,3,0,0.03125,0,-1.0000000000000002,1
ac8a9902c4a721e346a73c933f57c805,NULL,1006,1663,1006,1663,2,2,5,2,1,0,0.0625,3.2015621187164243,-1.0000000000000002,1
cc2022a17f42ea0b6df7aad85605714f,NULL,1512,1664,1512,1664,72,1.125,38,9,8,0,0.03125,0,-1.0000000000000002,1
866222082d4cf98c74c5f7c8dc890e69,NULL,1892,1664,1892,1664,3,3,7,3,1,0,0.03125,0,-1.0000000000000002,1
d3ae72c81a4ae094be5426ecacf00f2b,NULL,896,1666,896,1666,24,1.5,24,6,4,0,0.03125,0,-1.0000000000000002,1
a546bd6cda3a6064052234d7070adaeb,NULL,2350,1666,2350,1666,3,3,5,1,3,0,0.03125,0,-1.0000000000000002,1
a79746c702dc2c6060a5f45ee7474da7,NULL,634,1667,634,1667,6,6,8,1,6,0,0.03125,0,-1.0000000000000002,1
5cb8ffbc0704f461db7535a33aad39ff,NULL,1001,1667,1001,1667,2,2,6,1,2,0,0.0625,3.2015621187164243,-1.0000000000000002,1
bcf41bcf2d89eb7163fe5c0702553d94,NULL,1203,1667,1203,1667,63,1.2857142686843872,39,7,9,0,0.03125,0,-1.0000000000000002,1
c273df4eae37df33977fc4a69f750acd,NULL,616,1668,616,1668,30,1.2000000476837158,24,5,6,0,0.03125,0,-1.0000000000000002,1
8a0d56bacc77f287abbac5d7e76c7017,NULL,2600,1671,2600,1671,12,1.3333333730697632,12,4,3,0,0.03125,0,-1.0000000000000002,1
f01a12f9d3514580bdb2210059e3c86a,NULL,2378,1674,2378,1674,2,2,5,1,2,0,0.03125,0,-1.0000000000000002,1
e24223df987d8e29da948df06b6e8da8,NULL,992,1675,992,1675,2,2,5,2,1,0,0.03125,0,-1.0000000000000002,1
881f2cb11440a79a22d8a755a96dd4ed,NULL,708,1676,708,1676,2,2,5,1,2,0,0.03125,0,-1.0000000000000002,1
538433c7be478c8dceadbe977a943f9c,NULL,1681,1676,1681,1676,8,2,13,2,4,0,0.03125,0,-1.0000000000000002,1
199a49e90ce71146ab1e51bb01daebb9,NULL,833,1678,833,1678,8,2,5,4,2,0,0.03125,0,-1.0000000000000002,1
957cc28444bdd5f1f78c0f3d9673ffd0,NULL,2255,1678,2255,1678,3,3,5,1,3,0,0.03125,0,-1.0000000000000002,1
e14b38166fb92833dddcebff725c16f7,NULL,909,1682,909,1682,10,2.5,14,2,5,0,0.03125,0,-1.0000000000000002,1
9f192f52e556c0cfd3a161e2acf5195d,NULL,1169,1687,1169,1687,45,1.7999999523162842,29,5,9,0,0.03125,0,-1.0000000000000002,1
52d651b016e4977a57feb00fce038f83,NULL,2268,1689,2268,1689,20,1.25,22,5,4,0,0.03125,0,-1.0000000000000002,1
408f7dcde00041a4f2b9079b960e91c6,NULL,1202,1691,1202,1691,112,2.2857143878936768,67,7,16,0,0.03125,0,-1.0000000000000002,1
20a0803d07baf3c8f48f051fed7333df,NULL,2405,1691,2405,1691,4,1,5,2,2,0,0.03125,0,-1.0000000000000002,1
96d70684bbd05e72a3963918f5724aa0,NULL,668,1692,668,1692,80,1.25,40,10,8,0,0.03125,0,-1.0000000000000002,1
5e56dffc82dc5834b31652cb3ccbd844,NULL,1933,1693,1933,1693,3,3,6,1,3,0,0.03125,0,-1.0000000000000002,1
59ca0e74622801836b9c084adf06b09b,NULL,629,1694,629,1694,12,3,10,2,6,0,0.03125,0,-1.0000000000000002,1
cca1e99a43893aad40ddc139bfda3007,NULL,1041,1695,1041,1695,6,1.5,8,2,3,0,0.03125,0,-1.0000000000000002,1
b9915a72e7ca4e873c58db3671a0f049,NULL,874,1697,874,1697,6,1.5,7,2,3,0,0.03125,0,-1.0000000000000002,1
bd30e77a4bf971d5ffb1a47c33382cb0,NULL,1271,1697,1271,1697,9,1,7,3,3,0,0.03125,0,-1.0000000000000002,1
49ac0d91fa28d1d54dfbb1f58777ecc7,NULL,569,1699,569,1699,2,2,6,1,2,0,0.03125,0,-1.0000000000000002,1
936ae6fc3b31ddfb120fd90965e6e3fd,NULL,2352,1702,2352,1702,4,1,5,2,2,0,0.03125,0,-1.0000000000000002,1
dcbb5ff338987cf056cc6662d713c0cd,NULL,1269,1703,1269,1703,64,1,51,8,8,0,0.03125,0,-1.0000000000000002,1
c18d63fddc116dd6310367ef8a03c633,NULL,742,1706,742,1706,3,3,6,1,3,0,0.03125,0,-1.0000000000000002,1
e5ad390bf7fd14701fa8d06acbfc8ef3,NULL,1435,1708,1435,1708,2,2,5,1,2,0,0.03125,0,-1.0000000000000002,1
319088aa9755957a111871ebcaff36be,NULL,915,1711,915,1711,3,3,5,1,3,0,0.03125,0,-1.0000000000000002,1
3dd35330b48fd5227a58641473daf574,NULL,1080,1712,1080,1712,56,1.1428571939468384,48,7,8,0,0.03125,0,-1.0000000000000002,1
e3188b76bdb8045fc44a732b99f3f585,NULL,1022,1718,1022,1718,4,1,7,2,2,0,0.03125,0,-1.0000000000000002,1
c0cfd4ebb8eee2cf6c3ce72784b7cc56,NULL,2229,1718,2229,1718,6,1.5,6,3,2,0,0.03125,0,-1.0000000000000002,1
0d705c37e599c4053e35cb04e45a60e3,NULL,605,1720,605,1720,20,1.25,13,5,4,0,0.03125,0,-1.0000000000000002,1
bb06d82a97d580a5770fcc64b2975f50,NULL,2011,1722,2011,1722,108,1.3333333730697632,58,9,12,0,0.0625,2.5495097567963922,-1,1
23d9e1882cca686a123a1ae593d2fb2c,NULL,2036,1722,2036,1722,3,3,7,1,3,0,0.03125,0,-1.0000000000000002,1
eee690a30f9bd06723edd45d59ce27b5,NULL,2006,1723,2006,1723,35,1.399999976158142,24,5,7,0,0.0625,2.5495097567963922,-1,1
a1a0ba321c505f90a972f6c244dd58bd,NULL,2482,1723,2482,1723,3,3,7,1,3,0,0.03125,0,-1.0000000000000002,1
11a49693c0f2643229609a6f72c53e88,NULL,1009,1725,1009,1725,10,2.5,12,2,5,0,0.03125,0,-1.0000000000000002,1
b5b19cef75fc11e4c3d2fa9a69c25aab,NULL,1285,1725,1285,1725,4,1,5,2,2,0,0.03125,0,-1.0000000000000002,1
37cad5e8343c95a81f5ce3972ab30661,NULL,1388,1726,1388,1726,3,3,6,1,3,0,0.03125,0,-1.0000000000000002,1
d408546edd0346d450e30653fcb787e0,NULL,1075,1727,1075,1727,6,1.5,7,3,2,0,0.03125,0,-1.0000000000000002,1
4b7c81af2bd9b1509c0cb823d9a9f757,NULL,2226,1729,2226,1729,30,1.2000000476837158,13,5,6,0,0.03125,0,-1.0000000000000002,1
7aaa7495599c68e895e72186a4880235,NULL,1224,1732,1224,1732,45,1.7999999523162842,39,5,9,0,0.03125,0,-1.0000000000000002,1
a65f521609439b7015c4e8a64b364ee8,NULL,871,1734,871,1734,6,6,9,1,6,0,0.03125,0,-1.0000000000000002,1
63fe774b186cea14cf1610d4d5fe2551,NULL,2464,1740,2464,1740,9,1,11,3,3,0,0.03125,0,-1.0000000000000002,1
d2976ebe848193a9bcc28a8cb28078eb,NULL,685,1741,685,1741,4,1,5,2,2,0,0.03125,0,-1.0000000000000002,1
699c879d83c4d349b9f437c467783b09,NULL,1251,1744,1251,1744,3,3,7,1,3,0,0.03125,0,-1.0000000000000002,1
93e370b77f3b3195ee0e7147e8aabb15,NULL,1013,1747,1013,1747,44,2.75,37,4,11,0,0.03125,0,-1.0000000000000002,1
e9c2a56b29e53dbf00674e8b65a843d2,NULL,1732,1748,1732,1748,12,1.3333333730697632,13,3,4,0,0.03125,0,-1.0000000000000002,1
dd705f9c29b867f143753166646363e4,NULL,885,1752,885,1752,4,4,7,1,4,0,0.0625,3.640054944640259,-1,1
1f91c9e975a0915fe0c3182ba7367811,NULL,892,1754,892,1754,8,2,7,2,4,0,0.0625,3.640054944640259,-1,1
abcadd9546d0179fada093851d7d994c,NULL,2654,1756,2654,1756,25,1,18,5,5,0,0.03125,0,-1.0000000000000002,1
9d4bd5399191c14359f5153669bc4fd5,NULL,743,1759,743,1759,8,2,10,2,4,0,0.03125,0,-1.0000000000000002,1
448f2d3646f8504bd86a2bcb6bcb7d3e,NULL,1319,1760,1319,1760,8,2,11,2,4,0,0.03125,0,-1.0000000000000002,1
83a4e8db2758559e841c2e922fe8d25e,NULL,997,1761,997,1761,12,1.3333333730697632,14,3,4,0,0.03125,0,-1.0000000000000002,1
dfcb10f879c644501c36e38709e65667,NULL,1679,1762,1679,1762,3,3,5,1,3,0,0.03125,0,-1.0000000000000002,1
abb0e299b987962fc839f8c0baedc8f3,NULL,979,1764,979,1764,30,3.3333332538604736,25,3,10,0,0.03125,0,-1.0000000000000002,1
f066f75dbf3ad40c0e7a00715aa3e652,NULL,2686,1765,2686,1765,3,3,6,1,3,0,0.03125,0,-1.0000000000000002,1
35dc8abdda0186ee25824d8e3332ae0f,NULL,1306,1766,1306,1766,8,2,10,2,4,0,0.03125,0,-1.0000000000000002,1
1dfdef5ee2a657bbf48369613f4d6a92,NULL,2211,1767,2211,1767,6,1.5,9,2,3,0,0.03125,0,-1.0000000000000002,1
c09cda95a382627291d6a07107fd3547,NULL,1668,1769,1668,1769,3,3,6,1,3,0,0.03125,0,-1.0000000000000002,1
ee1511bd0c50b6bfb0b5645331cb861a,NULL,2667,1771,2667,1771,24,1.5,21,4,6,0,0.03125,0,-1.0000000000000002,1
5b5d0f753a71fc98b2931f4a546ba50e,NULL,713,1776,713,1776,12,1.3333333730697632,11,3,4,0,0.03125,0,-1.0000000000000002,1
1e596d2bf3b0d955408f8f8b6709d0c5,NULL,730,1779,730,1779,9,1,11,3,3,0,0.03125,0,-1.0000000000000002,1
ccde3bc7ccd449604923ed3a06cd0c50,NULL,1092,1781,1092,1781,42,1.1666666269302368,23,7,6,0,0.03125,0,-1.0000000000000002,1
83f2b106654a80ff70665469068811b3,NULL,1222,1782,1222,1782,49,1,31,7,7,0,0.03125,0,-1.0000000000000002,1
fa39882ad59da38ff1a5ef9e0e8b6cfe,NULL,1313,1788,1313,1788,48,1.3333333730697632,27,6,8,0,0.0625,3.2015621187164243,-1,1
c1ff1df6f977ef198beb0fcb6f170876,NULL,870,1790,870,1790,3,3,6,1,3,0,0.03125,0,-1.0000000000000002,1
044c453f5b48fa69e704fa4aa4dc0171,NULL,1016,1790,1016,1790,4,1,6,2,2,0,0.03125,0,-1.0000000000000002,1
fd5707202d6e5b68f26b6534b8e793a4,NULL,1640,1792,1640,1792,4,4,8,1,4,0,0.03125,0,-1.0000000000000002,1
ed96391ee3c52fab03b31eef8baa6b89,NULL,2312,1792,2312,1792,6,1.5,9,2,3,0,0.03125,0,-1.0000000000000002,1
6f53a8ace4a2d005293ae144c40da025,NULL,1309,1793,1309,1793,8,2,9,2,4,0,0.0625,3.2015621187164243,-1,1
0818df242b9fec4dc5ed3a4c435845ef,NULL,1108,1794,1108,1794,4,1,6,2,2,0,0.03125,0,-1.0000000000000002,1
fcf39dc16b7926a4407db930716a8a53,NULL,1801,1797,1801,1797,20,1.25,18,5,4,0,0.03125,0,-1.0000000000000002,1
d81c8684bea3f310bf708fe8279ff860,NULL,1681,1800,1681,1800,40,2.5,46,4,10,0,0.03125,0,-1.0000000000000002,1
be7143f828e73695d72537a883400c96,NULL,2309,1800,2309,1800,2,2,5,1,2,0,0.03125,0,-1.0000000000000002,1
cbb66c9af577eaa6f45a72b02621fd19,NULL,1737,1801,1737,1801,156,1.0833333730697632,143,12,13,0,0.03125,0,-1.0000000000000002,1
00e4e806e8f0df9094c2450c7c6fd8f4,NULL,1843,1802,1843,1802,9,1,10,3,3,0,0.03125,0,-1.0000000000000002,1
55b37be089f60d59a2a4d0ff8d6ab115,NULL,2263,1803,2263,1803,2,2,6,1,2,0,0.03125,0,-1.0000000000000002,1
4fc76e877dde99d68a388f70b0d09612,NULL,1247,1806,1247,1806,10,2.5,10,2,5,0,0.03125,0,-1.0000000000000002,1
e111a25fe33f142b47676748ddb8339f,NULL,1035,1809,1035,1809,42,1.1666666269302368,22,6,7,0,0.03125,0,-1.0000000000000002,1
55c6a1d437e7b18b596b383a5f49bf0e,NULL,773,1810,773,1810,6,1.5,10,3,2,0,0.03125,0,-1.0000000000000002,1
50752f4326556304e95ee2722f9eb917,NULL,1722,1811,1722,1811,6,1.5,10,2,3,0,0.03125,0,-1.0000000000000002,1
64d8c1af6cd075a9dab2d5a0d57d9041,NULL,934,1814,934,1814,6,1.5,6,2,3,0,0.03125,0,-1.0000000000000002,1
507e03880d44f0f4f2ed86728097e095,NULL,1061,1814,1061,1814,6,1.5,10,2,3,0,0.03125,0,-1.0000000000000002,1
fc97220b7c22f8436ad76d058ce528a9,NULL,1248,1816,1248,1816,5,5,11,1,5,0,0.03125,0,-1.0000000000000002,1
9d7c8340367109d0825cfdc77346e12d,NULL,1342,1819,1342,1819,15,1.6666666269302368,11,3,5,0,0.03125,0,-1.0000000000000002,1
2ead97f2e52991ab808416c5280c9ebf,NULL,1171,1820,1171,1820,16,4,14,2,8,0,0.0625,2.692582403567252,-0.9999999999999999,1
52b7ecd0dadf05b5091b4b4222d5d550,NULL,1176,1822,1176,1822,9,1,13,3,3,0,0.0625,2.692582403567252,-0.9999999999999999,1
51573deb4d1a7c5c7bb2420ff8b2b611,NULL,1611,1822,1611,1822,2,2,5,1,2,0,0.0625,2.5,-1.0000000000000002,1
4c0c1ee5b48b756db7f3c48dc0a301f3,NULL,2536,1822,2536,1822,3,3,6,1,3,0,0.03125,0,-1.0000000000000002,1
133b1db13f6389f7968b320e66a985a9,NULL,1608,1826,1608,1826,2,2,5,1,2,0,0.0625,2.5,-1.0000000000000002,1
c395add7da910bc1530806ceabc58cd3,NULL,1845,1828,1845,1828,6,6,9,1,6,0,0.03125,0,-1.0000000000000002,1
287e74b5edd63613bc6f44a242e75c12,NULL,2475,1829,2475,1829,4,4,6,1,4,0,0.03125,0,-1.0000000000000002,1
4c7153ad9b4abc323893e66286d266a9,NULL,1329,1833,1329,1833,12,1.3333333730697632,12,4,3,0,0.03125,0,-1.0000000000000002,1
ee4c195d413d9f642738feb214b76a43,NULL,1280,1834,1280,1834,6,6,10,1,6,0,0.09375,2.747546895706428,-0.40759511991596614,1
733f41acc6c3bdf1de31a2fb35166dab,NULL,1284,1834,1284,1834,12,1.3333333730697632,14,3,4,0,0.09375,2.3874258867227933,-0.4075951199159661,1
aef32d56825d11059f0345eeab6fe22f,NULL,1283,1837,1283,1837,72,1.125,43,9,8,0,0.09375,2.4683061157625548,-0.40759511991596614,1
156226f2d045e6b7b6821df2d84a8105,NULL,1344,1837,1344,1837,2,2,5,2,1,0,0.03125,0,-1.0000000000000002,1
f944f6ed991b26f649ef147882c6d218,NULL,2384,1838,2384,1838,12,1.3333333730697632,11,3,4,0,0.03125,0,-1.0000000000000002,1
e7882fdb90bdd116b1f4353435b0821c,NULL,1256,1842,1256,1842,2,2,5,2,1,0,0.03125,0,-1.0000000000000002,1
e6ba7d67652ed70147498bfee9cd17ac,NULL,1128,1847,1128,1847,5,5,9,1,5,0,0.03125,0,-1.0000000000000002,1
e19b45920050ebd10ca9d4d4e5df1c7d,NULL,1709,1848,1709,1848,12,3,10,2,6,0,0.03125,0,-1.0000000000000002,1
406ff88db9bc7d27fdba36b040fa4d7b,NULL,2410,1848,2410,1848,2,2,5,1,2,0,0.03125,0,-1.0000000000000002,1
fa0260713fbd629d7c30254bab9fb9a1,NULL,1651,1854,1651,1854,3,3,7,1,3,0,0.03125,0,-1.0000000000000002,1
009b14cad0df1b2c7b2d9b7e463c128e,NULL,1327,1855,1327,1855,32,2,25,4,8,0,0.03125,0,-1.0000000000000002,1
3dbf4214375937bbb25f303dc4d2f980,NULL,1020,1858,1020,1858,6,1.5,9,2,3,0,0.03125,0,-1.0000000000000002,1
58987164b18f9490d0b109e4149ca2a3,NULL,1620,1858,1620,1858,25,1,22,5,5,0,0.03125,0,-1.0000000000000002,1
2401f86d48d51a34bb6e02622dd920bf,NULL,1751,1860,1751,1860,20,1.25,17,4,5,0,0.03125,0,-1.0000000000000002,1
8559525988c8413031b1f25a155790e3,NULL,1239,1863,1239,1863,4,1,7,2,2,0,0.03125,0,-1.0000000000000002,1
c20ff1d3f83fe6c4cc9d395c94802fc6,NULL,1211,1865,1211,1865,25,1,20,5,5,0,0.03125,0,-1.0000000000000002,1
88b5001755bac45b6c271a8befb63ca1,NULL,751,1866,751,1866,6,1.5,6,2,3,0,0.03125,0,-1.0000000000000002,1
859fe63fa7e5a69c4730718cb77acd27,NULL,1285,1868,1285,1868,2,2,5,1,2,0,0.09375,5.224464359636034,-0.6018566840728147,1
364f8335fd0c9d61f9334f4ed697d6e5,NULL,1267,1870,1267,1870,8,2,6,2,4,0,0.03125,0,-1.0000000000000002,1
4463de36ac6c4ec81eb1ba43f68a1f51,NULL,1680,1871,1680,1871,4,4,9,1,4,0,0.03125,0,-1.0000000000000002,1
29a5db070851ef88d7d1a8c9267a5979,NULL,2623,1871,2623,1871,6,1.5,8,2,3,0,0.03125,0,-1.0000000000000002,1
ef21e883f063c3608a64b270a841fa5b,NULL,2425,1873,2425,1873,9,1,7,3,3,0,0.03125,0,-1.0000000000000002,1
8487bef1681796e80b4d57a8d012e8c4,NULL,2581,1874,2581,1874,3,3,6,1,3,0,0.03125,0,-1.0000000000000002,1
5c65e8ec7276039a9e4d89f19526b7ca,NULL,1280,1875,1280,1875,6,1.5,9,3,2,0,0.09375,4.867441755680876,-0.6018566840728148,1
990b77db15ce0beae9df5384df049e0d,NULL,1286,1875,1286,1875,3,3,7,1,3,0,0.09375,4.3570226039551585,-0.6018566840728147,1
72ca8b4ac605824ff339ca9400be6260,NULL,2281,1875,2281,1875,4,1,6,2,2,0,0.03125,0,-1.0000000000000002,1
37a167db67a6fb5898158010fbd734a0,NULL,2643,1875,2643,1875,10,2.5,11,2,5,0,0.03125,0,-1.0000000000000002,1
560682d19340bb9a011cac0c05acec21,NULL,1266,1878,1266,1878,2,2,5,1,2,0,0.03125,0,-1.0000000000000002,1
0bb549adc1d7f60327f4d8b0e450e73d,NULL,2589,1881,2589,1881,4,1,5,2,2,0,0.03125,0,-1.0000000000000002,1
bb3175e3c5b7daf889b1e87df4af9e42,NULL,2122,1883,2122,1883,8,2,8,2,4,0,0.03125,0,-1.0000000000000002,1
00cc3eadc0ee6169ff0cf63bb317ba00,NULL,1297,1887,1297,1887,8,2,10,2,4,0,0.03125,0,-1.0000000000000002,1
bf09a3a66e2b5fee2ba08e288fcb7e77,NULL,2495,1887,2495,1887,99,1.2222222089767456,57,9,11,0,0.03125,0,-1.0000000000000002,1
15649d65436cab1eb91aced7c8da3640,NULL,1133,1889,1133,1889,18,2,10,3,6,0,0.0625,2.9154759474226504,-0.9999999999999999,1
ba47cfbbddea1597a5b4566114de3f74,NULL,1747,1891,1747,1891,6,1.5,8,2,3,0,0.03125,0,-1.0000000000000002,1
415bbbb78ebc72e21920d4b495e5b1fa,NULL,1138,1892,1138,1892,6,1.5,11,2,3,0,0.0625,2.9154759474226504,-0.9999999999999999,1
156b49270b7c7916fc52e116f99eb59e,NULL,1262,1896,1262,1896,2,2,6,1,2,0,0.0625,3.1622776601683795,-1,1
8a0160a16ab95e27d628e16e31980867,NULL,1323,1897,1323,1897,50,2,21,5,10,0,0.03125,0,-1.0000000000000002,1
4b841bbae0646bc8e5bb697649da3b09,NULL,1256,1898,1256,1898,12,1.3333333730697632,14,3,4,0,0.0625,3.1622776601683795,-1,1
ddf1d49078c1462f8f37b08cfc3e4e8e,NULL,797,1900,797,1900,4,1,6,2,2,0,0.03125,0,-1.0000000000000002,1
e4fe3d39f7e2100cd49c977e078aeb4d,NULL,1302,1900,1302,1900,9,1,6,3,3,0,0.03125,0,-1.0000000000000002,1
9c6da5072586566187fff1ebd47101c7,NULL,1807,1900,1807,1900,20,1.25,19,5,4,0,0.03125,0,-1.0000000000000002,1
ce8fe4ff7885da73b8fece36630efbca,NULL,1308,1903,1308,1903,24,1.5,23,4,6,0,0.03125,0,-1.0000000000000002,1
c36520d69a9d0388ccccd80f37a17d67,NULL,1623,1903,1623,1903,8,2,12,2,4,0,0.03125,0,-1.0000000000000002,1
82d6f50495b0137d185b402adba4da45,NULL,1202,1904,1202,1904,2,2,5,1,2,0,0.03125,0,-1.0000000000000002,1
0a71af761107f32871fa8ae866ec0ad5,NULL,1412,1904,1412,1904,8,2,10,2,4,0,0.0625,3.8078865529319543,-1,1
9c1985e6ebd683bcf75ff88004f59473,NULL,1334,1905,1334,1905,6,1.5,9,3,2,0,0.03125,0,-1.0000000000000002,1
66d42a72ea12870965d8c6256d8235a5,NULL,1415,1911,1415,1911,4,1,7,2,2,0,0.0625,3.8078865529319543,-1,1
1cd45101c7fb6efb9849e917ce9a5be5,NULL,1802,1911,1802,1911,6,1.5,5,2,3,0,0.03125,0,-1.0000000000000002,1
00de720e77b2011b9c5191873c86a4cf,NULL,1127,1913,1127,1913,91,1.8571428060531616,28,7,13,0,0.03125,0,-1.0000000000000002,1
46e5776583dff223044e62ca39ba00ff,NULL,2433,1915,2433,1915,3,3,5,1,3,0,0.03125,0,-1.0000000000000002,1
2e3712b17902f9b57087e29e04690715,NULL,2493,1917,2493,1917,8,2,11,2,4,0,0.03125,0,-1.0000000000000002,1
91d844250f2d31edf1bd8c3087039a24,NULL,1526,1920,1526,1920,4,1,7,2,2,0,0.03125,0,-1.0000000000000002,1
e5792d82c726a9eab7f3705535629491,NULL,1029,1921,1029,1921,12,1.3333333730697632,12,4,3,0,0.03125,0,-1.0000000000000002,1
4e36e32008b9b545d39b8d5a850eaa00,NULL,1391,1921,1391,1921,2,2,5,1,2,0,0.03125,0,-1.0000000000000002,1
7a98a6802943edefedacbd1bf08cda4b,NULL,1154,1924,1154,1924,9,1,12,3,3,0,0.03125,0,-1.0000000000000002,1
ca9cec8e081f2e4274edccb2cac9c307,NULL,1779,1924,1779,1924,18,2,11,3,6,0,0.03125,0,-1.0000000000000002,1
a63a741555d6d81838a81514f219445e,NULL,1172,1925,1172,1925,6,1.5,9,2,3,0,0.03125,0,-1.0000000000000002,1
3f39d587229e9be2de5e86076ffff7d9,NULL,1620,1925,1620,1925,2,2,5,1,2,0,0.03125,0,-1.0000000000000002,1
8d992e230f433eb248d33100d03d2b35,NULL,1450,1930,1450,1930,6,1.5,8,3,2,0,0.03125,0,-1.0000000000000002,1
d0582cb31d7d093cf9cd97bd44312a51,NULL,1700,1930,1700,1930,21,2.3333332538604736,15,3,7,0,0.03125,0,-1.0000000000000002,1
656dc37998f82f09310f050109e6fd54,NULL,2023,1931,2023,1931,30,1.2000000476837158,23,5,6,0,0.03125,0,-1.0000000000000002,1
780102fd3a6418003f72f81e6892adc6,NULL,2241,1931,2241,1931,24,1.5,20,4,6,0,0.03125,0,-1.0000000000000002,1
f2fe4d3a5603cb612fbd16719fa6f2ad,NULL,1875,1932,1875,1932,2,2,5,1,2,0,0.03125,0,-1.0000000000000002,1
3d1fa829a838dea14d7d02f4fee82628,NULL,2056,1935,2056,1935,2,2,5,1,2,0,0.03125,0,-1.0000000000000002,1
9fc26a1b6d033a9af300ed1936079052,NULL,1764,1937,1764,1937,18,2,17,3,6,0,0.0625,3.0413812651491097,-1.0000000000000002,1
32a9414fd73d60fdd0cb902f905b059c,NULL,2357,1937,2357,1937,15,1.6666666269302368,12,3,5,0,0.03125,0,-1.0000000000000002,1
aa3d1ad15fac9ec50f9e5e188bf70fcd,NULL,1758,1938,1758,1938,2,2,6,1,2,0,0.09375,4.454290806526246,-0.4037220189064453,1
c405cbbfc4ca462f8daff5c463d248eb,NULL,1150,1942,1150,1942,2,2,5,1,2,0,0.03125,0,-1.0000000000000002,1
fbbaaac187d9d01d441b6dc7ecd81082,NULL,1092,1945,1092,1945,100,1,38,10,10,0,0.03125,0,-1.0000000000000002,1
8c22ddf3d1bc227d5808f9cf148a5845,NULL,1760,1945,1760,1945,4,4,6,1,4,0,0.0625,3.640054944640259,-1,1
9e596374314ec38a95def7b0de8d244c,NULL,2496,1945,2496,1945,2,2,5,2,1,0,0.03125,0,-1.0000000000000002,1
61cd3d1660ec966b0b1b8ee271e69811,NULL,1254,1946,1254,1946,4,1,6,2,2,0,0.03125,0,-1.0000000000000002,1
c76bd7641e78a7b4eeab686c5b3f235c,NULL,2138,1953,2138,1953,6,1.5,11,2,3,0,0.03125,0,-1.0000000000000002,1
a30ed142cebbecebaa3d34f57c2bb75a,NULL,1391,1955,1391,1955,3,3,6,1,3,0,0.03125,0,-1.0000000000000002,1
aecce69ec816b38c25adb8d9969d2b27,NULL,1750,1955,1750,1955,36,1,22,6,6,0,0.03125,0,-1.0000000000000002,1
84ef4b72c21770cae075a6d2a8b7a79e,NULL,1127,1957,1127,1957,8,2,9,4,2,0,0.03125,0,-1.0000000000000002,1
8956d0e33da4ad82967a10bb416f2448,NULL,1260,1957,1260,1957,4,1,6,2,2,0,0.03125,0,-1.0000000000000002,1
87c4efde0830c675024d7336646f2d21,NULL,1203,1960,1203,1960,15,1.6666666269302368,18,5,3,0,0.03125,0,-1.0000000000000002,1
009465f1942a3ead6598a15848d239e3,NULL,1818,1961,1818,1961,6,1.5,10,2,3,0,0.03125,0,-1.0000000000000002,1
3656d35310a196246eb91e82bce5839f,NULL,1699,1962,1699,1962,6,1.5,6,2,3,0,0.03125,0,-1.0000000000000002,1
3f27e72ff29b39e1a149126b7f719fef,NULL,1939,1962,1939,1962,2,2,5,1,2,0,0.0625,3.5355339059327378,-1,1
1e60bbb9ea7647a4e09abab10fff4b98,NULL,1372,1963,1372,1963,2,2,5,1,2,0,0.03125,0,-1.0000000000000002,1
77c6b2d1dc93f78de7510688db8f86c1,NULL,1777,1967,1777,1967,12,3,16,2,6,0,0.03125,0,-1.0000000000000002,1
26751cb468f8d19938d1ee1d923315ee,NULL,1944,1967,1944,1967,6,1.5,6,3,2,0,0.0625,3.5355339059327378,-1,1
a0c61f75ffd6309231fd9466ae00fc41,NULL,2521,1970,2521,1970,2,2,5,1,2,0,0.03125,0,-1.0000000000000002,1
5f9efb70af3ee9ddff3c464124d01ccf,NULL,1600,1972,1600,1972,4,1,6,2,2,0,0.03125,0,-1.0000000000000002,1
69b49892380104e58c99da7a199bc4fe,NULL,1285,1974,1285,1974,4,4,7,1,4,0,0.0625,3.605551275463989,-1,1
364d9993549059074f90ee646dfd79c2,NULL,2465,1978,2465,1978,3,3,6,1,3,0,0.03125,0,-1.0000000000000002,1
f95d517a86b5ffc9814585fa3cdf690f,NULL,1289,1980,1289,1980,2,2,6,1,2,0,0.0625,3.605551275463989,-1,1
7177a39809e31e7a614ed30e5b50f657,NULL,1252,1982,1252,1982,15,1.6666666269302368,13,3,5,0,0.03125,0,-1.0000000000000002,1
04c32c56a201b19048bcfc50794f2788,NULL,1104,1983,1104,1983,6,6,10,1,6,0,0.03125,0,-1.0000000000000002,1
14933b3d124d2cf1d8f4510610979a24,NULL,2342,1983,2342,1983,30,1.2000000476837158,30,6,5,0,0.03125,0,-1.0000000000000002,1
2313a3a3c5e9a54f3eb2cb033b8c0529,NULL,1664,1984,1664,1984,4,4,8,1,4,0,0.0625,4.6097722286464435,-0.9999999999999999,1
91ab2ef3f6019509e128a2aeaa7c56b6,NULL,1202,1985,1202,1985,2,2,6,1,2,0,0.03125,0,-1.0000000000000002,1
e36bba1cc9b984d80c69478a088baf3c,NULL,966,1986,966,1986,6,1.5,8,2,3,0,0.03125,0,-1.0000000000000002,1
6a313029c0ceebb45b38f62c65a2667d,NULL,1712,1989,1712,1989,16,1,15,4,4,0,0.03125,0,-1.0000000000000002,1
4def2cc2f4812a0c2d482444fd7d3d11,NULL,1992,1989,1992,1989,20,1.25,19,4,5,0,0.03125,0,-1.0000000000000002,1
9b472e77d2b68ab52957da287b990b4b,NULL,1658,1991,1658,1991,10,2.5,10,2,5,0,0.0625,4.6097722286464435,-0.9999999999999999,1
f92fcd6e9a88ba2559407715b5d14696,NULL,1534,1992,1534,1992,4,1,7,2,2,0,0.03125,0,-1.0000000000000002,1
5bcef2172267a393789a43c9db318a8e,NULL,2363,1996,2363,1996,6,1.5,10,2,3,0,0.03125,0,-1.0000000000000002,1
3d2c5ccb3809a591f9e8766a7a66df5d,NULL,1552,2002,1552,2002,2,2,5,2,1,0,0.03125,0,-1.0000000000000002,1
597c187fc26c38017fae0f3198bf01be,NULL,1182,2003,1182,2003,2,2,5,1,2,0,0.03125,0,-1.0000000000000002,1
c4c8b00da7add579f4e28f5627ab1775,NULL,2359,2006,2359,2006,15,1.6666666269302368,14,5,3,0,0.03125,0,-1.0000000000000002,1
9c09084c4bb4916380fad893a6bca708,NULL,1534,2013,1534,2013,2,2,5,1,2,0,0.03125,0,-1.0000000000000002,1
4f224ac67bff18595492b617692bd537,NULL,1603,2015,1603,2015,12,1.3333333730697632,11,4,3,0,0.03125,0,-1.0000000000000002,1
102a657817f09c75a9c1c4453b389fb5,NULL,1016,2017,1016,2017,9,1,12,3,3,0,0.03125,0,-1.0000000000000002,1
aeb1f8340e4686f95c5cf6bc0b531c87,NULL,2004,2017,2004,2017,28,1.75,14,4,7,0,0.03125,0,-1.0000000000000002,1
066915dba6154d6cc97f26f57e7838e5,NULL,1985,2022,1985,2022,4,1,7,2,2,0,0.03125,0,-1.0000000000000002,1
76e7548e1f1db34d0752b9e2d795971a,NULL,1375,2031,1375,2031,2,2,5,2,1,0,0.03125,0,-1.0000000000000002,1
cde8bcccf36c472c1fae7bcc52e0f652,NULL,2034,2040,2034,2040,2,2,5,1,2,0,0.03125,0,-1.0000000000000002,1
5a72738a2577d155c3bb6d38c75a4e50,NULL,1964,2041,1964,2041,12,3,12,2,6,0,0.03125,0,-1.0000000000000002,1
f89df7d8f28c6b86d070af69bf41e7aa,NULL,2200,2053,2200,2053,91,1.8571428060531616,58,7,13,0,0.03125,0,-1.0000000000000002,1
65246795fbc11d410953f7c3919baa50,NULL,1259,2057,1259,2057,18,2,20,3,6,0,0.03125,0,-1.0000000000000002,1
6ba273e405cd1f024ff8418e6ce31f0a,NULL,2092,2059,2092,2059,8,2,10,2,4,0,0.03125,0,-1.0000000000000002,1
683f0833863755b78d1dfb4cc46161ea,NULL,1681,2077,1681,2077,8,2,7,2,4,0,0.03125,0,-1.0000000000000002,1
2dbfc5df06488f26827ee3dd9911449a,NULL,1921,2077,1921,2077,33,3.6666667461395264,24,3,11,0,0.03125,0,-1.0000000000000002,1
aa6dbc234fb40688d01ce17394170f1d,NULL,2264,2078,2264,2078,6,1.5,7,2,3,0,0.03125,0,-1.0000000000000002,1
3af5ea803e9453b31e1e63911a8e73db,NULL,2308,2079,2308,2079,10,2.5,11,2,5,0,0.03125,0,-1.0000000000000002,1
58c6349cd721e5827dab7ed3ec9d6142,NULL,1088,2081,1088,2081,6,1.5,10,2,3,0,0.03125,0,-1.0000000000000002,1
f43edbb9a3f66f77e828bbea0398ac06,NULL,2505,2084,2505,2084,5,5,11,1,5,0,0.03125,0,-1.0000000000000002,1
f5fcde710cb3aafa7c9699ab1412c79d,NULL,1727,2091,1727,2091,3,3,6,1,3,0,0.03125,0,-1.0000000000000002,1
81f4c56b4cf566950bd723264333a93a,NULL,1148,2094,1148,2094,12,1.3333333730697632,15,4,3,0,0.03125,0,-1.0000000000000002,1
2d0431d3ae6b3d44125ca550e0c50e23,NULL,2076,2104,2076,2104,5,5,10,1,5,0,0.03125,0,-1.0000000000000002,1
5cc16c4914d5aa7f10881fd04970df1f,NULL,2160,2112,2160,2112,14,3.5,10,2,7,0,0.03125,0,-1.0000000000000002,1
81b3c9efbcc856b2fcf81d4a474fe449,NULL,1308,2126,1308,2126,15,1.6666666269302368,15,3,5,0,0.03125,0,-1.0000000000000002,1
11fc027baa5776aeb7348816b0f96980,NULL,2381,2126,2381,2126,2,2,5,1,2,0,0.03125,0,-1.0000000000000002,1
e5955e476518b801d4d3badd6af5bced,NULL,1280,2128,1280,2128,6,1.5,8,2,3,0,0.0625,3.8078865529319543,-1,1
a82bb3eb8ac32a762834afdaad4c8fd0,NULL,2009,2128,2009,2128,8,2,9,4,2,0,0.03125,0,-1.0000000000000002,1
d24e5eb12901d25125bdabea805f2009,NULL,2300,2128,2300,2128,12,1.3333333730697632,13,4,3,0,0.03125,0,-1.0000000000000002,1
b40b9933ad83af58f5f22c8b354888c8,NULL,2044,2129,2044,2129,5,5,10,1,5,0,0.03125,0,-1.0000000000000002,1
c2b7881c30c528874717f84c9c176e0e,NULL,2358,2129,2358,2129,9,1,12,3,3,0,0.03125,0,-1.0000000000000002,1
85c631c5429316599ca8f390af1ea46a,NULL,2207,2134,2207,2134,10,2.5,15,2,5,0,0.0625,2.9154759474226504,-0.9999999999999999,1
e7aa844877d25f9f1c1311496a3cd97b,NULL,1283,2135,1283,2135,4,1,6,2,2,0,0.0625,3.8078865529319543,-1,1
3f34019814fafe0495e85a6de23d57ce,NULL,2212,2137,2212,2137,6,1.5,8,2,3,0,0.0625,2.9154759474226504,-0.9999999999999999,1
5af91f5b7f7406314cafe6748f0804b9,NULL,2490,2139,2490,2139,16,1,14,4,4,0,0.03125,0,-1.0000000000000002,1
31082c40e9bcfec35159f1e8d9409fe4,NULL,2252,2141,2252,2141,6,1.5,9,3,2,0,0.03125,0,-1.0000000000000002,1
58a3c3b3d92a971ddb36db194bc08d89,NULL,1902,2142,1902,2142,12,3,17,2,6,0,0.03125,0,-1.0000000000000002,1
6fbc0b46c0bf7e1384ccc47099624564,NULL,2345,2146,2345,2146,24,1.5,20,4,6,0,0.03125,0,-1.0000000000000002,1
baa01c2ebee5cd2e3b02ed00d75ba2e2,NULL,1690,2148,1690,2148,4,1,8,2,2,0,0.03125,0,-1.0000000000000002,1
b7e29713ec4d8887b024e01eb1fbb6d9,NULL,2004,2150,2004,2150,3,3,5,1,3,0,0.03125,0,-1.0000000000000002,1
7a6deed2665ed75d680ee20335bddc43,NULL,1704,2152,1704,2152,60,1.6666666269302368,29,6,10,0,0.03125,0,-1.0000000000000002,1
a158321332e72cf0203cbe444c226cd4,NULL,1628,2159,1628,2159,25,1,22,5,5,0,0.03125,0,-1.0000000000000002,1
63dd259a928dc4589c237b8876483a37,NULL,1483,2163,1483,2163,9,1,10,3,3,0,0.03125,0,-1.0000000000000002,1
958c2bb3b32b415c1734d8813c7dba15,NULL,1203,2164,1203,2164,2,2,5,1,2,0,0.03125,0,-1.0000000000000002,1
a81ba08e1d6a153be016a361f3e7ca76,NULL,2241,2166,2241,2166,156,1.0833333730697632,113,13,12,0,0.03125,0,-1.0000000000000002,1
518c95f109ef1fad263fb5b6b7cfe2cf,NULL,1242,2170,1242,2170,2,2,5,2,1,0,0.03125,0,-1.0000000000000002,1
2140edd2c3192924229361e525e3255d,NULL,1504,2170,1504,2170,15,1.6666666269302368,16,3,5,0,0.03125,0,-1.0000000000000002,1
ffd6a036773e5c8cad449af38032722d,NULL,1662,2170,1662,2170,21,2.3333332538604736,16,3,7,0,0.03125,0,-1.0000000000000002,1
d8d9112c8a34b0960f81dfc5dffb0e14,NULL,1294,2172,1294,2172,18,2,18,3,6,0,0.03125,0,-1.0000000000000002,1
7717a1144b03bc2011947b3c33a834a7,NULL,2150,2174,2150,2174,5,5,12,1,5,0,0.03125,0,-1.0000000000000002,1
e4d0381325dd5f09e3b7446403afb74f,NULL,2227,2176,2227,2176,12,1.3333333730697632,12,4,3,0,0.03125,0,-1.0000000000000002,1
d77fb171534ca43137795d92c0fe868e,NULL,2085,2183,2085,2183,8,2,7,2,4,0,0.03125,0,-1.0000000000000002,1
b3556bd29325deb26c0d73e91ce71787,NULL,2168,2186,2168,2186,6,1.5,8,2,3,0,0.03125,0,-1.0000000000000002,1
464131bd0050265bab01446ab9c7ac5b,NULL,1474,2190,1474,2190,12,1.3333333730697632,11,3,4,0,0.03125,0,-1.0000000000000002,1
69f9236f3233eb7bebd6e02a42e9ada8,NULL,2245,2190,2245,2190,9,1,12,3,3,0,0.03125,0,-1.0000000000000002,1
5e9e2543b0282f357473cb5ba89c3a10,NULL,2042,2192,2042,2192,20,1.25,9,4,5,0,0.03125,0,-1.0000000000000002,1
1e665e6d6cef3c518ae78438b50a497d,NULL,1239,2194,1239,2194,6,1.5,10,2,3,0,0.03125,0,-1.0000000000000002,1
bde3caf295d2a83e80f92cf808f5878e,NULL,1959,2215,1959,2215,3,3,6,1,3,0,0.03125,0,-1.0000000000000002,1
ab4bf09fbfdb26d63a9d36c2f5b87de7,NULL,2171,2216,2171,2216,6,1.5,7,2,3,0,0.03125,0,-1.0000000000000002,1
4322ae58cca96f3250caca187130cd08,NULL,2367,2216,2367,2216,15,1.6666666269302368,15,3,5,0,0.03125,0,-1.0000000000000002,1
2136d37f92f7f44ac334d4c3eed83197,NULL,2394,2220,2394,2220,20,1.25,16,5,4,0,0.03125,0,-1.0000000000000002,1
8bc9680b8d0cfb4aabee8c23704780e5,NULL,1219,2224,1219,2224,12,1.3333333730697632,12,3,4,0,0.03125,0,-1.0000000000000002,1
f25f326c0182d34ecfb4f9b9298b2933,NULL,2472,2224,2472,2224,42,1.1666666269302368,30,6,7,0,0.03125,0,-1.0000000000000002,1
e07afa4c2b98061e035dd25c85ed3d01,NULL,1237,2225,1237,2225,21,2.3333332538604736,14,3,7,0,0.03125,0,-1.0000000000000002,1
be3e823817825e1024d7f5dcb87fc229,NULL,2197,2229,2197,2229,4,4,5,1,4,0,0.03125,0,-1.0000000000000002,1
366c63de047180c7361014853415ad30,NULL,2009,2230,2009,2230,6,1.5,9,2,3,0,0.03125,0,-1.0000000000000002,1
1daae3984b55b4c499fcb490a3bb5e23,NULL,1260,2239,1260,2239,20,1.25,17,4,5,0,0.03125,0,-1.0000000000000002,1
bfa26c652a2d1c605dbfcf19ffd0a10d,NULL,2363,2240,2363,2240,6,1.5,10,2,3,0,0.03125,0,-1.0000000000000002,1
7f9c396bdcdee27af92260cc10d36a32,NULL,1960,2244,1960,2244,6,1.5,8,2,3,0,0.03125,0,-1.0000000000000002,1
a71aac01e62a2bdc10f2c5156e8d50d3,NULL,2329,2247,2329,2247,10,2.5,7,2,5,0,0.03125,0,-1.0000000000000002,1
d29711267a95ea9bda279db4458a514d,NULL,1493,2251,1493,2251,6,1.5,9,2,3,0,0.03125,0,-1.0000000000000002,1
93ac876d75b39e0706b05913f773de3d,NULL,1426,2252,1426,2252,6,1.5,9,3,2,0,0.03125,0,-1.0000000000000002,1
dfbde9793df10ec4c66d1e78df811be7,NULL,1547,2253,1547,2253,210,1.0714285373687744,112,14,15,0,0.03125,0,-1.0000000000000002,1
dbbfcc5fb8bf5815fc72abcce8734225,NULL,1214,2255,1214,2255,4,1,5,2,2,0,0.03125,0,-1.0000000000000002,1
8aa587e93996d84ff4173130cddcd6d7,NULL,2223,2261,2223,2261,6,1.5,10,2,3,0,0.03125,0,-1.0000000000000002,1
a5f5636d710c27e1ce9c3293ec3f6b9f,NULL,1233,2266,1233,2266,6,1.5,8,3,2,0,0.03125,0,-1.0000000000000002,1
4f3ff8c0fa265de0886f867ee665c188,NULL,1261,2275,1261,2275,30,1.2000000476837158,25,6,5,0,0.03125,0,-1.0000000000000002,1
09dcb257b147080e4f2b8ad44ffb7534,NULL,2436,2281,2436,2281,4,1,7,2,2,0,0.03125,0,-1.0000000000000002,1
8b84352dd0ab04a941dd4892bc38bc92,NULL,1540,2282,1540,2282,2,2,5,1,2,0,0.03125,0,-1.0000000000000002,1
fa32e640dc67d67032d8ceb78c788dbe,NULL,2055,2283,2055,2283,12,1.3333333730697632,15,3,4,0,0.03125,0,-1.0000000000000002,1
fa2299e7f3ef4fd53d57bceb28de3f5c,NULL,2227,2283,2227,2283,84,1.7142857313156128,49,7,12,0,0.03125,0,-1.0000000000000002,1
5ef7cca0be9b7f750fd2c4ee98ccaa88,NULL,1401,2285,1401,2285,72,1.125,39,8,9,0,0.03125,0,-1.0000000000000002,1
66d978965324fa9ca47e190a5f53e96e,NULL,2171,2285,2171,2285,4,1,6,2,2,0,0.03125,0,-1.0000000000000002,1
e5f17c52dcc33a027f9195d06535e9ea,NULL,1814,2286,1814,2286,5,5,9,1,5,0,0.03125,0,-1.0000000000000002,1
1b720c19552803220fbc6382d8ff0ef3,NULL,2169,2293,2169,2293,3,3,6,3,1,0,0.03125,0,-1.0000000000000002,1
6f93e7ff5d82366c387730e289fe21a3,NULL,1381,2297,1381,2297,96,1.5,37,8,12,0,0.03125,0,-1.0000000000000002,1
22de8e3bf4b08dd4ba7e8ff59639f2b2,NULL,1957,2298,1957,2298,2,2,5,1,2,0,0.03125,0,-1.0000000000000002,1
ad3ba4d27c934bd7ce36ec30915d31dd,NULL,2247,2299,2247,2299,12,1.3333333730697632,12,4,3,0,0.0625,3.1622776601683795,-1,1
cb266ae00e219da321f232686c8868cb,NULL,2208,2300,2208,2300,18,2,16,3,6,0,0.03125,0,-1.0000000000000002,1
fd16280a13f59f69a36c427c24cc8d9b,NULL,2245,2305,2245,2305,36,2.25,25,4,9,0,0.0625,3.1622776601683795,-1,1
c6d0901f5d714c4ddcec25fbd8a4b5d7,NULL,2380,2313,2380,2313,10,2.5,9,2,5,0,0.03125,0,-1.0000000000000002,1
33d7bb861d17e1ac6fc804661a3677fd,NULL,2258,2326,2258,2326,120,1.2000000476837158,62,10,12,0,0.03125,0,-1.0000000000000002,1
5b46b5571a5989c1ef77952c98911068,NULL,1422,2332,1422,2332,16,1,15,4,4,0,0.03125,0,-1.0000000000000002,1
9885dc8cccd49d61ba52663caa74cd2c,NULL,1904,2336,1904,2336,5,5,8,1,5,0,0.03125,0,-1.0000000000000002,1
785263d4291660a075a10a132de25768,NULL,2364,2339,2364,2339,6,1.5,8,2,3,0,0.03125,0,-1.0000000000000002,1
425586e2fbeaf8d5df0a56a22c855f23,NULL,1913,2340,1913,2340,12,1.3333333730697632,9,4,3,0,0.03125,0,-1.0000000000000002,1
c209b39f21792d37fd853bcd36077a0c,NULL,2122,2342,2122,2342,6,1.5,9,2,3,0,0.03125,0,-1.0000000000000002,1
548e6f21b9d350ade33860cd209b6ada,NULL,2063,2347,2063,2347,24,1.5,28,4,6,0,0.03125,0,-1.0000000000000002,1
8c817dc34a046c454673628b67755886,NULL,1864,2351,1864,2351,4,1,6,2,2,0,0.03125,0,-1.0000000000000002,1
ca40aa3e6dedc5735fcfb7934610b23e,NULL,1521,2391,1521,2391,12,1.3333333730697632,7,3,4,0,0.03125,0,-1.0000000000000002,1
4250c44b392273b8800cd6425877082f,NULL,2204,2394,2204,2394,18,2,11,3,6,0,0.0625,3.5355339059327378,-1,1
c08ba84bbd62b554efa4fe904d5f1e1a,NULL,2209,2399,2209,2399,4,1,6,2,2,0,0.09375,4.242640687119285,-0.5869213844280916,1
66262c4cd9be63fe036b0d862100bc91,NULL,2234,2399,2234,2399,4,1,7,2,2,0,0.03125,0,-1.0000000000000002,1
a86744c8555df6491c2057e1bdfcfd4b,NULL,1577,2400,1577,2400,3,3,7,1,3,0,0.03125,0,-1.0000000000000002,1
c7dbcc9feca3a49b261193b88b3802ce,NULL,2205,2403,2205,2403,4,4,6,1,4,0,0.0625,2.8284271247461903,-1,1
ce0d4dcc32f330d81ad1c4d3693923e3,NULL,2068,2410,2068,2410,2,2,6,1,2,0,0.03125,0,-1.0000000000000002,1
e417436f7333554efdfa22485e371411,NULL,1557,2411,1557,2411,4,4,9,1,4,0,0.03125,0,-1.0000000000000002,1
7f3b576ce6255da3c3b33c69adaab903,NULL,1811,2414,1811,2414,3,3,6,1,3,0,0.03125,0,-1.0000000000000002,1
1cf9fca0e822388ab04c4c78f9107c47,NULL,1602,2424,1602,2424,2,2,5,1,2,0,0.03125,0,-1.0000000000000002,1
d2cbba47e607ad4f4a81b416caed0d93,NULL,2038,2436,2038,2436,32,2,29,4,8,0,0.03125,0,-1.0000000000000002,1
9d1d5d84fc3c1e0df25abcda6114b794,NULL,2105,2436,2105,2436,3,3,5,1,3,0,0.03125,0,-1.0000000000000002,1
6d5d0f8ab14206ddeed7831645507efd,NULL,2220,2447,2220,2447,27,3,21,3,9,0,0.03125,0,-1.0000000000000002,1
3a6fca97a4ef92a2b99c059fdead51de,NULL,2066,2451,2066,2451,20,1.25,14,4,5,0,0.03125,0,-1.0000000000000002,1
be9710502c78142d39d93e33dedd7933,NULL,2140,2459,2140,2459,36,1,35,6,6,0,0.03125,0,-1.0000000000000002,1
e63d2f20a64c59898c28b00d3c25aec9,NULL,2132,2478,2132,2478,3,3,5,1,3,0,0.03125,0,-1.0000000000000002,1
82d25a9cd6ec3ba3cd14458c13295f3a,NULL,2063,2479,2063,2479,8,2,8,2,4,0,0.03125,0,-1.0000000000000002,1
06c332a743edbd8ba1074e18957d05fc,NULL,2237,2480,2237,2480,9,1,12,3,3,0,0.03125,0,-1.0000000000000002,1
cf9c79ecd3bf302e04aa5974efc235e6,NULL,1973,2485,1973,2485,6,1.5,8,2,3,0,0.03125,0,-1.0000000000000002,1
7567bfd870096173c038fb03873c7f3b,NULL,1542,2489,1542,2489,9,1,12,3,3,0,0.03125,0,-1.0000000000000002,1
1b186825439108427ba1735d897059d9,NULL,2095,2492,2095,2492,132,1.0909091234207153,69,11,12,0,0.03125,0,-1.0000000000000002,1
01d8c3bcce22fbf7875378d10c095903,NULL,1934,2498,1934,2498,16,1,15,4,4,0,0.03125,0,-1.0000000000000002,1
2a1233a5d35558d9d0fba2b9350a0525,NULL,1992,2498,1992,2498,8,2,11,2,4,0,0.03125,0,-1.0000000000000002,1
1ca05f71d8a2cce15371a7438e34bd9a,NULL,1548,2507,1548,2507,5,5,7,1,5,0,0.03125,0,-1.0000000000000002,1
ab1b2830d1e34fcd28c5a7cf60834c5f,NULL,2319,2510,2319,2510,3,3,6,1,3,0,0.03125,0,-1.0000000000000002,1
d953b3fe91ad2fce9eceff5761c80a20,NULL,1861,2551,1861,2551,64,1,61,8,8,0,0.03125,0,-1.0000000000000002,1
004888e97c40f5812c3b1f5fd5cdf325,NULL,2306,2552,2306,2552,6,1.5,8,2,3,0,0.03125,0,-1.0000000000000002,1
ce9dd708066c6567b126c24165aee194,NULL,2175,2560,2175,2560,40,1.600000023841858,22,8,5,0,0.03125,0,-1.0000000000000002,1
49041cd5163c0214de7fb659705f5920,NULL,2009,2574,2009,2574,4,1,6,2,2,0,0.03125,0,-1.0000000000000002,1
368e50f37fe84a96c83bde9aa573b669,NULL,2158,2581,2158,2581,9,1,10,3,3,0,0.03125,0,-1.0000000000000002,1
39fc1f2f6202ed2b43eb56e73bc55434,NULL,1840,2586,1840,2586,12,1.3333333730697632,12,3,4,0,0.03125,0,-1.0000000000000002,1
3957f5020abdc1a71c12a9cf0b702043,NULL,2113,2605,2113,2605,6,1.5,7,2,3,0,0.03125,0,-1.0000000000000002,1
3f0becd7a7fa9258a804f0a9e65f5075,NULL,2151,2610,2151,2610,6,1.5,10,2,3,0,0.03125,0,-1.0000000000000002,1
e601715671f95826ccd4d18c3ccae802,NULL,2087,2611,2087,2611,56,1.1428571939468384,35,8,7,0,0.03125,0,-1.0000000000000002,1
662aaa154f99ad93b1ecd033d874d110,NULL,2210,2641,2210,2641,3,3,7,1,3,0,0.03125,0,-1.0000000000000002,1
cca6fd123acecb59c5a3acf1817eb515,NULL,2158,2672,2158,2672,3,3,5,1,3,0,0.03125,0,-1.0000000000000002,1
e57bd6bec4bb06eb9a5492f8177b674c,NULL,2183,2672,2183,2672,24,2.6666667461395264,19,8,3,0,0.0625,2.23606797749979,-1,1
f0255bf3ddd77d7015299b62ba27b3eb,NULL,2179,2674,2179,2674,2,2,6,1,2,0,0.0625,2.23606797749979,-1,1
03cfdf9e42045a916d8473df77083459,NULL,2205,2674,2205,2674,3,3,8,1,3,0,0.03125,0,-1.0000000000000002,1
44e8329a6dbcc1a4daffb14709f9ec55,NULL,1856,2703,1856,2703,4,1,9,2,2,0,0.03125,0,-1.0000000000000002,1
da009953f33f64a1f05afcb19407ee3b,NULL,2189,2703,2189,2703,4,4,7,1,4,0,0.0625,4.272001872658765,-0.9999999999999999,1
b24864662f9128bb76b23382f5ecdac5,NULL,2192,2711,2192,2711,3,3,6,1,3,0,0.0625,4.272001872658765,-0.9999999999999999,1
7d9e5dc075a1dc4d67623b1832fc0f9b,NULL,2109,2712,2109,2712,12,1.3333333730697632,16,4,3,0,0.03125,0,-1.0000000000000002,1
cff5c6526df90d97989ba6dcf6a17d2b,NULL,2218,2713,2218,2713,4,1,8,2,2,0,0.03125,0,-1.0000000000000002,1
8065c9ab2c952c33e034339cd003631e,NULL,2163,2721,2163,2721,4,1,7,2,2,0,0.03125,0,-1.0000000000000002,1
2d969bf3fdfb448911a0e4596dfccb5f,NULL,2140,2725,2140,2725,2,2,5,1,2,0,0.03125,0,-1.0000000000000002,1
e8857c3d0f748471c3a2fda5af6f6311,NULL,2063,2726,2063,2726,12,1.3333333730697632,15,3,4,0,0.03125,0,-1.0000000000000002,1
0c30c8db0c08b9d5b17a97b598d60b5e,NULL,1818,2733,1818,2733,4,1,7,2,2,0,0.03125,0,-1.0000000000000002,1
a391134ea1db74db30d902af4f246141,NULL,1842,2734,1842,2734,3,3,7,1,3,0,0.03125,0,-1.0000000000000002,1
3d7df448d61d25dd0d6a0db42a31e6f4,NULL,2099,2752,2099,2752,3,3,6,1,3,0,0.03125,0,-1.0000000000000002,1
1d81ebeb5832010443e01048dd4ef51f,NULL,1979,2767,1979,2767,35,1.399999976158142,20,7,5,0,0.03125,0,-1.0000000000000002,1
367a220d36640f5c9ba2a9ab4548d954,NULL,1990,2768,1990,2768,12,1.3333333730697632,14,3,4,0,0.03125,0,-1.0000000000000002,1
b137834def39973a33b71c89355b1dc0,NULL,2070,2782,2070,2782,44,2.75,30,4,11,0,0.03125,0,-1.0000000000000002,1
b21cd782ff5d7a79602096d8d27307e4,NULL,1880,2790,1880,2790,6,1.5,10,3,2,0,0.03125,0,-1.0000000000000002,1
88fc18f9c9372c6c156908c764d7b404,NULL,1909,2797,1909,2797,77,1.5714285373687744,58,11,7,0,0.03125,0,-1.0000000000000002,1
12774fa44dea679c22d8fc7bda8e82c3,NULL,2048,2798,2048,2798,9,1,10,3,3,0,0.03125,0,-1.0000000000000002,1
50ba6b96e2634d0728325900d19797bf,NULL,2085,2863,2085,2863,6,1.5,9,2,3,0,0.03125,0,-1.0000000000000002,1
4a143dba1588e4bb6a2af1b5901469f8,NULL,1966,2882,1966,2882,60,1.6666666269302368,29,10,6,0,0.03125,0,-1.0000000000000002,1
