x,y,class
2361,0,subject
938,2,subject
2489,2,subject
252,8,subject
1717,8,subject
272,9,subject
1291,9,subject
480,10,subject
2271,10,subject
104,12,subject
860,13,subject
1360,14,subject
1598,15,subject
1519,16,subject
2242,18,subject
245,20,subject
1794,21,subject
877,24,subject
854,27,subject
2155,28,subject
370,29,subject
1277,30,subject
969,31,subject
1464,31,subject
2196,31,subject
753,32,subject
889,32,subject
13,33,subject
1531,33,subject
2237,33,subject
420,34,subject
2037,34,subject
317,35,subject
768,38,subject
502,40,subject
1556,40,subject
2315,40,subject
168,41,subject
2070,42,subject
739,43,subject
2456,44,subject
1666,46,subject
138,47,subject
123,49,subject
227,49,subject
1170,49,subject
1593,49,subject
704,51,subject
1294,51,subject
1538,52,subject
1914,52,subject
40,53,subject
885,53,subject
1397,55,subject
29,57,subject
21,59,subject
191,61,subject
359,61,subject
559,63,subject
608,63,subject
1727,64,subject
1509,65,subject
388,68,subject
1674,68,subject
1958,69,subject
303,70,subject
1387,70,subject
876,71,subject
1569,71,subject
172,72,subject
854,72,subject
2249,72,subject
63,73,subject
1521,73,subject
208,75,subject
2071,75,subject
546,78,subject
242,80,subject
1290,80,subject
2423,80,subject
564,81,subject
1339,81,subject
887,85,subject
2097,86,subject
1234,87,subject
2469,88,subject
477,90,subject
670,90,subject
788,90,subject
867,90,subject
1907,90,subject
2451,90,subject
322,92,subject
2030,93,subject
1589,94,subject
1836,97,subject
158,98,subject
750,98,subject
2138,98,subject
1794,100,subject
513,103,subject
1982,103,subject
103,104,subject
1112,104,subject
2267,104,subject
1809,106,subject
442,107,subject
1338,107,subject
1661,107,subject
920,108,subject
1252,108,subject
1954,108,subject
1235,109,subject
878,110,subject
1282,112,subject
1639,112,subject
2429,112,subject
1597,113,subject
2281,114,subject
1356,115,subject
290,116,subject
552,116,subject
711,117,subject
1832,117,subject
649,119,subject
893,120,subject
1646,121,subject
1736,121,subject
2051,122,subject
1823,123,subject
530,125,subject
1264,125,subject
812,126,subject
1522,126,subject
201,127,subject
1179,127,subject
1393,128,subject
861,130,subject
2454,130,subject
1847,131,subject
973,132,subject
1866,132,subject
1942,132,subject
2193,133,subject
353,134,subject
829,134,subject
2174,136,subject
418,137,subject
1312,139,subject
492,141,subject
476,142,subject
1791,142,subject
335,143,subject
1131,143,subject
830,144,subject
2010,144,subject
2139,144,subject
572,145,subject
1834,145,subject
1175,146,subject
168,147,subject
2360,147,subject
1727,148,subject
309,149,subject
384,151,subject
2426,153,subject
1153,154,subject
545,155,subject
1763,155,subject
1807,155,subject
2243,155,subject
879,156,subject
1930,157,subject
1319,158,subject
1243,160,subject
800,161,subject
2340,161,subject
1211,163,subject
1783,163,subject
769,164,subject
2225,164,subject
2315,164,subject
1109,165,subject
2362,165,subject
963,166,subject
2015,166,subject
479,167,subject
1193,168,subject
1673,168,subject
1131,171,subject
1970,171,subject
1310,173,subject
716,174,subject
2180,174,subject
1848,177,subject
1945,179,subject
2093,180,subject
2481,180,subject
1298,183,subject
1901,184,subject
2459,184,subject
307,185,subject
571,185,subject
683,188,subject
2426,188,subject
669,189,subject
142,191,subject
1962,191,subject
2337,191,subject
1176,192,subject
2170,192,subject
883,193,subject
1194,193,subject
536,194,subject
103,195,subject
1279,195,subject
561,196,subject
1218,197,subject
1733,197,subject
1995,197,subject
644,198,subject
1892,198,subject
1599,202,subject
2088,202,subject
491,204,subject
1115,204,subject
1141,204,subject
567,205,subject
1523,205,subject
1236,207,subject
1268,207,subject
1952,208,subject
1163,209,subject
470,210,subject
2148,212,subject
2356,212,subject
2384,213,subject
2020,214,subject
556,215,subject
1433,215,subject
1600,216,subject
1339,217,subject
231,219,subject
1100,219,subject
2201,222,subject
1064,223,subject
59,224,subject
445,224,subject
1003,224,subject
1829,224,subject
2092,224,subject
503,225,subject
550,225,subject
353,227,subject
2286,227,subject
431,228,subject
1256,228,subject
2005,229,subject
2341,229,subject
1122,230,subject
2328,230,subject
1690,233,subject
2273,233,subject
1584,235,subject
1744,235,subject
537,237,subject
917,238,subject
1609,240,subject
1945,240,subject
1567,242,subject
1833,242,subject
2262,243,subject
2006,244,subject
1108,246,subject
1076,248,subject
1651,248,subject
1739,248,subject
2038,248,subject
2375,249,subject
2167,250,subject
1104,253,subject
1919,254,subject
1632,256,subject
503,257,subject
1707,259,subject
945,262,subject
2311,262,subject
1552,263,subject
1373,265,subject
1489,265,subject
2291,267,subject
1909,270,subject
214,271,subject
1663,271,subject
2013,272,subject
536,275,subject
2282,276,subject
1860,277,subject
1516,279,subject
1326,280,subject
1807,280,subject
2278,281,subject
2366,281,subject
433,282,subject
1591,282,subject
2129,282,subject
2335,282,subject
1432,283,subject
1561,283,subject
2302,283,subject
1408,284,subject
2408,284,subject
270,288,subject
2010,289,subject
1797,291,subject
2352,292,subject
342,293,subject
1763,293,subject
1819,294,subject
1779,295,subject
527,296,subject
1879,297,subject
1593,300,subject
1984,300,subject
358,301,subject
1741,301,subject
2210,303,subject
406,305,subject
1451,307,subject
1748,309,subject
2338,309,subject
1684,311,subject
1704,311,subject
1379,313,subject
2175,317,subject
167,318,subject
234,318,subject
426,318,subject
1598,321,subject
1514,322,subject
2453,322,subject
1620,323,subject
194,324,subject
248,326,subject
1774,326,subject
17,328,subject
1687,330,subject
1733,330,subject
429,333,subject
619,334,subject
1667,335,subject
1697,336,subject
764,337,subject
1625,337,subject
1460,338,subject
1782,339,subject
2399,339,subject
427,342,subject
2298,343,subject
2215,344,subject
2323,345,subject
762,346,subject
1737,346,subject
2089,347,subject
175,349,subject
1387,349,subject
1998,349,subject
1588,350,subject
2250,350,subject
2442,350,subject
901,351,subject
1446,351,subject
1493,351,subject
1661,354,subject
969,355,subject
258,357,subject
1907,357,subject
1549,359,subject
2097,360,subject
552,363,subject
1460,366,subject
2482,366,subject
1741,367,subject
1431,368,subject
1875,368,subject
950,369,subject
1811,370,subject
2239,370,subject
2336,370,subject
1582,372,subject
1699,373,subject
2156,374,subject
2256,376,subject
2460,376,subject
1521,378,subject
1791,378,subject
1613,379,subject
1257,380,subject
1244,382,subject
1718,382,subject
1770,384,subject
1494,389,subject
1576,389,subject
440,390,subject
1753,391,subject
2188,391,subject
2241,391,subject
1264,392,subject
1664,392,subject
1561,393,subject
2446,393,subject
2471,393,subject
1017,394,subject
1678,394,subject
1804,394,subject
1004,395,subject
2146,395,subject
1717,397,subject
1635,399,subject
1607,400,subject
1830,400,subject
1328,401,subject
887,404,subject
1485,404,subject
2416,405,subject
1215,406,subject
807,408,subject
993,408,subject
1584,408,subject
1549,409,subject
935,410,subject
2045,411,subject
331,412,subject
451,413,subject
492,414,subject
1962,415,subject
1074,417,subject
2177,417,subject
2310,417,subject
1176,418,subject
361,419,subject
1673,419,subject
2063,419,subject
1600,420,subject
1293,422,subject
1434,423,subject
1726,423,subject
319,424,subject
961,425,subject
1556,426,subject
1582,427,subject
2270,427,subject
1510,428,subject
1578,429,subject
837,431,subject
2242,431,subject
1250,432,subject
1636,432,subject
2007,434,subject
2474,435,subject
223,436,subject
1049,437,subject
1478,437,subject
922,438,subject
2324,438,subject
1061,439,subject
2280,439,subject
2048,440,subject
2481,441,subject
820,442,subject
866,442,subject
886,442,subject
2081,442,subject
1409,443,subject
780,444,subject
1601,444,subject
1665,444,subject
370,445,subject
1945,447,subject
1116,448,subject
238,450,subject
178,453,subject
438,453,subject
2273,453,subject
1044,454,subject
2381,454,subject
1459,455,subject
2103,456,subject
1993,457,subject
985,458,subject
2466,458,subject
1630,459,subject
1335,460,subject
2031,462,subject
791,465,subject
2147,467,subject
1023,469,subject
210,470,subject
1061,471,subject
350,472,subject
1263,472,subject
362,475,subject
776,475,subject
2222,475,subject
2300,475,subject
414,477,subject
1158,477,subject
1377,477,subject
2007,477,subject
206,478,subject
346,479,subject
559,479,subject
621,479,subject
1299,480,subject
2186,480,subject
1038,482,subject
1403,482,subject
373,483,subject
661,483,subject
678,483,subject
2030,483,subject
2160,483,subject
1006,484,subject
1215,485,subject
2196,485,subject
206,486,subject
872,487,subject
644,489,subject
1798,490,subject
2136,490,subject
1056,491,subject
0,494,subject
2394,494,subject
523,495,subject
597,495,subject
664,496,subject
1170,497,subject
1980,498,subject
2310,498,subject
1614,499,subject
2328,499,subject
2031,503,subject
674,506,subject
1089,506,subject
2260,507,subject
336,508,subject
538,508,subject
872,508,subject
1047,508,subject
1429,508,subject
1774,508,subject
1943,508,subject
1371,510,subject
1150,511,subject
1183,512,subject
2089,512,subject
2479,513,subject
558,514,subject
1804,514,subject
354,515,subject
1108,515,subject
1981,515,subject
577,516,subject
328,517,subject
610,517,subject
660,517,subject
1407,517,subject
1130,518,subject
2458,518,subject
1580,520,subject
1360,521,subject
506,522,subject
2349,523,subject
334,524,subject
993,526,subject
1431,526,subject
1166,527,subject
2316,528,subject
2458,528,subject
217,530,subject
913,530,subject
1755,530,subject
2021,531,subject
1738,532,subject
1990,532,subject
1186,533,subject
1348,533,subject
1710,533,subject
2108,535,subject
2249,535,subject
2478,535,subject
1091,536,subject
2144,536,subject
290,537,subject
2301,537,subject
2371,538,subject
1657,539,subject
1003,540,subject
990,542,subject
2094,542,subject
149,543,subject
369,543,subject
2277,544,subject
2255,545,subject
1929,547,subject
1832,548,subject
752,549,subject
743,550,subject
1979,550,subject
2082,550,subject
236,551,subject
871,552,subject
1510,552,subject
2443,552,subject
1397,554,subject
1732,554,subject
1296,555,subject
1465,556,subject
1711,556,subject
2031,557,subject
1055,558,subject
1427,559,subject
2472,560,subject
1921,562,subject
1821,563,subject
1898,563,subject
2004,563,subject
2363,564,subject
2102,565,subject
550,567,subject
1691,567,subject
415,568,subject
1114,572,subject
2195,572,subject
2439,573,subject
1857,575,subject
210,576,subject
906,576,subject
980,576,subject
923,578,subject
1618,578,subject
1205,579,subject
2119,579,subject
1725,580,subject
805,581,subject
1067,581,subject
1128,581,subject
1912,581,subject
2212,581,subject
581,582,subject
952,583,subject
842,584,subject
548,585,subject
2152,585,subject
2354,585,subject
1934,586,subject
1415,587,subject
2371,588,subject
2090,589,subject
2011,590,subject
2035,591,subject
1193,593,subject
206,594,subject
812,595,subject
2327,595,subject
1830,596,subject
1664,597,subject
1975,598,subject
2321,598,subject
2142,599,subject
1146,600,subject
1854,601,subject
1268,602,subject
1950,602,subject
1058,603,subject
2028,604,subject
2436,606,subject
999,608,subject
1220,608,subject
1881,608,subject
2063,609,subject
2156,609,subject
819,610,subject
1409,611,subject
1918,612,subject
2457,612,subject
1680,613,subject
1149,614,subject
1603,614,subject
1084,615,subject
1239,615,subject
1500,615,subject
2002,615,subject
352,617,subject
558,617,subject
878,617,subject
2304,617,subject
270,618,subject
847,618,subject
2490,618,subject
246,620,subject
1734,621,subject
2483,621,subject
162,623,subject
2289,624,subject
2352,625,subject
2438,625,subject
802,626,subject
1864,626,subject
954,627,subject
1135,627,subject
2113,627,subject
1101,629,subject
2045,630,subject
1481,631,subject
2296,635,subject
973,636,subject
233,637,subject
1200,637,subject
2175,638,subject
2277,638,subject
1178,639,subject
1423,643,subject
1993,643,subject
326,644,subject
307,645,subject
2134,645,subject
1168,647,subject
1961,647,subject
461,648,subject
1106,648,subject
2011,648,subject
912,649,subject
1635,649,subject
1787,649,subject
1879,649,subject
1831,653,subject
953,654,subject
282,655,subject
844,661,subject
2411,661,subject
201,662,subject
369,662,subject
1838,662,subject
2151,662,subject
2288,662,subject
1485,663,subject
932,666,subject
2070,666,subject
1390,667,subject
1895,667,subject
1016,668,subject
1573,669,subject
1610,669,subject
171,671,subject
1248,671,subject
1791,671,subject
1643,672,subject
1971,674,subject
598,675,subject
1200,677,subject
267,678,subject
1842,680,subject
1186,682,subject
1275,682,subject
507,683,subject
1769,683,subject
464,685,subject
1942,685,subject
2436,685,subject
761,686,subject
928,687,subject
2173,687,subject
2396,688,subject
161,690,subject
2189,690,subject
316,691,subject
1290,691,subject
2053,692,subject
2234,692,subject
1350,693,subject
1600,694,subject
75,695,subject
1178,695,subject
168,696,subject
866,696,subject
1619,696,subject
2070,696,subject
2136,697,subject
260,698,subject
1970,698,subject
2325,698,subject
244,699,subject
207,700,subject
381,700,subject
1274,701,subject
2445,701,subject
2044,704,subject
2400,704,subject
434,705,subject
364,706,subject
677,706,subject
1716,707,subject
6,708,subject
721,709,subject
2240,711,subject
1540,712,subject
2158,712,subject
2361,712,subject
349,713,subject
2474,713,subject
291,715,subject
1170,716,subject
2062,716,subject
185,717,subject
2087,718,subject
2147,718,subject
243,719,subject
1831,719,subject
2009,720,subject
2114,720,subject
1786,721,subject
2206,721,subject
207,722,subject
544,724,subject
456,725,subject
1190,725,subject
1276,725,subject
1291,725,subject
278,726,subject
1968,726,subject
2367,726,subject
256,728,subject
1357,729,subject
1700,729,subject
899,731,subject
334,733,subject
891,733,subject
2059,733,subject
964,736,subject
2264,736,subject
370,737,subject
666,738,subject
501,739,subject
2451,740,subject
305,742,subject
684,742,subject
237,743,subject
919,743,subject
940,743,subject
1524,743,subject
309,744,subject
856,744,subject
876,746,subject
369,747,subject
1070,747,subject
1224,747,subject
897,748,subject
2029,748,subject
2307,748,subject
2046,750,subject
1337,751,subject
1673,751,subject
534,754,subject
1136,754,subject
1642,754,subject
740,756,subject
1254,756,subject
910,757,subject
1458,757,subject
2004,757,subject
2265,757,subject
1558,759,subject
1831,759,subject
296,760,subject
1416,760,subject
1971,760,subject
146,761,subject
815,761,subject
1368,761,subject
2132,761,subject
463,762,subject
1722,762,subject
2063,762,subject
2323,762,subject
210,763,subject
445,763,subject
1474,764,subject
1277,765,subject
1338,766,subject
238,767,subject
700,767,subject
982,767,subject
1768,767,subject
548,768,subject
434,769,subject
1318,769,subject
1601,770,subject
1508,771,subject
2078,771,subject
325,772,subject
354,774,subject
1617,774,subject
406,775,subject
1704,776,subject
2248,778,subject
818,779,subject
952,779,subject
1103,781,subject
875,783,subject
2207,783,subject
928,784,subject
1122,784,subject
2224,786,subject
664,787,subject
1040,787,subject
1270,788,subject
1006,789,subject
942,790,subject
522,791,subject
1889,793,subject
1212,794,subject
2300,795,subject
401,796,subject
2355,796,subject
1479,797,subject
1614,798,subject
361,799,subject
1105,799,subject
967,801,subject
2340,801,subject
834,802,subject
1231,804,subject
2452,804,subject
1500,805,subject
534,806,subject
678,806,subject
1038,807,subject
338,809,subject
773,809,subject
1459,809,subject
1443,810,subject
1572,810,subject
535,811,subject
1840,812,subject
856,813,subject
1786,813,subject
258,814,subject
617,814,subject
1409,814,subject
1011,815,subject
1217,815,subject
1924,816,subject
2192,817,subject
988,818,subject
1658,821,subject
1742,822,subject
1995,822,subject
2375,822,subject
2057,823,subject
2228,823,subject
347,824,subject
2434,824,subject
265,825,subject
398,825,subject
958,825,subject
2283,825,subject
573,826,subject
2462,826,subject
1049,827,subject
1960,827,subject
1064,828,subject
2124,828,subject
843,829,subject
1547,830,subject
1710,830,subject
440,831,subject
1507,831,subject
57,834,subject
862,836,subject
1152,836,subject
1444,836,subject
1504,836,subject
2397,836,subject
1303,837,subject
81,838,subject
1038,838,subject
1527,839,subject
1951,839,subject
236,841,subject
1347,841,subject
621,843,subject
1268,843,subject
1358,843,subject
1416,844,subject
1731,844,subject
2370,844,subject
1662,845,subject
1900,845,subject
887,847,subject
1848,847,subject
405,848,subject
679,848,subject
450,850,subject
779,851,subject
1050,851,subject
1778,851,subject
1439,852,subject
975,853,subject
2435,853,subject
645,854,subject
1496,855,subject
2028,855,subject
239,856,subject
361,857,subject
1296,857,subject
1137,858,subject
878,859,subject
1746,860,subject
671,861,subject
1025,861,subject
2134,861,subject
2351,861,subject
292,862,subject
511,863,subject
1099,863,subject
2124,863,subject
61,864,subject
2062,866,subject
1427,867,subject
2046,867,subject
427,871,subject
864,871,subject
1055,871,subject
406,872,subject
975,872,subject
586,873,subject
2025,873,subject
2374,873,subject
1046,874,subject
584,875,subject
1840,875,subject
1222,876,subject
921,878,subject
1963,880,subject
1405,882,subject
1831,882,subject
2171,882,subject
259,883,subject
832,883,subject
843,883,subject
1099,883,subject
2452,883,subject
793,884,subject
1136,886,subject
1188,886,subject
2282,890,subject
730,892,subject
1273,892,subject
1393,892,subject
237,893,subject
2247,893,subject
941,894,subject
1943,894,subject
1053,895,subject
294,896,subject
2016,896,subject
1168,897,subject
708,898,subject
1090,900,subject
1818,900,subject
172,901,subject
1139,903,subject
1209,903,subject
2184,903,subject
2406,903,subject
406,904,subject
330,905,subject
515,906,subject
1190,906,subject
1896,906,subject
1082,907,subject
595,909,subject
2066,909,subject
1982,910,subject
2444,910,subject
2024,911,subject
259,912,subject
1857,913,subject
955,914,subject
2170,915,subject
1042,918,subject
1179,918,subject
1117,920,subject
1790,920,subject
2064,920,subject
1241,922,subject
2301,922,subject
1756,923,subject
1408,924,subject
798,925,subject
2206,925,subject
1058,927,subject
1095,928,subject
1344,928,subject
2010,929,subject
961,930,subject
79,931,subject
273,931,subject
292,932,subject
604,933,subject
1269,933,subject
1781,933,subject
640,936,subject
1753,937,subject
784,939,subject
858,939,subject
1013,939,subject
717,940,subject
1081,940,subject
1260,940,subject
333,941,subject
582,941,subject
846,941,subject
1292,942,subject
2313,943,subject
965,944,subject
1622,945,subject
1729,945,subject
625,946,subject
2024,947,subject
529,949,subject
1694,949,subject
1754,951,subject
122,953,subject
2174,953,subject
2205,954,subject
1018,955,subject
592,956,subject
1039,957,subject
2422,958,subject
1586,959,subject
2140,963,subject
1130,964,subject
93,966,subject
484,966,subject
1587,967,subject
1118,968,subject
1462,968,subject
1529,968,subject
1613,968,subject
1490,970,subject
1859,971,subject
894,972,subject
1230,972,subject
2032,972,subject
2369,973,subject
947,974,subject
1377,974,subject
606,975,subject
1314,975,subject
392,978,subject
1102,978,subject
1689,978,subject
1444,980,subject
715,981,subject
933,981,subject
1295,981,subject
731,984,subject
2386,984,subject
360,985,subject
707,985,subject
2186,985,subject
1722,989,subject
1813,989,subject
619,990,subject
1695,990,subject
2342,990,subject
1548,991,subject
2112,991,subject
1953,992,subject
531,993,subject
582,993,subject
1391,993,subject
1575,993,subject
1561,994,subject
933,995,subject
560,996,subject
750,996,subject
380,997,subject
1290,997,subject
694,998,subject
1244,998,subject
1305,1000,subject
271,1001,subject
440,1001,subject
1281,1001,subject
2196,1001,subject
2233,1001,subject
1208,1002,subject
65,1003,subject
1827,1004,subject
508,1005,subject
406,1006,subject
1669,1006,subject
669,1007,subject
20,1008,subject
1204,1009,subject
1076,1012,subject
382,1013,subject
1693,1013,subject
1797,1014,subject
1494,1015,subject
916,1016,subject
970,1016,subject
2056,1016,subject
726,1017,subject
2353,1017,subject
1996,1018,subject
1723,1019,subject
2147,1019,subject
624,1020,subject
2041,1020,subject
2101,1022,subject
2229,1023,subject
931,1024,subject
1521,1024,subject
2239,1024,subject
657,1025,subject
493,1026,subject
1610,1027,subject
1871,1028,subject
1397,1029,subject
1441,1030,subject
1937,1030,subject
2381,1030,subject
2488,1030,subject
451,1031,subject
723,1031,subject
1343,1031,subject
2161,1032,subject
1233,1033,subject
373,1035,subject
815,1035,subject
1599,1035,subject
285,1036,subject
606,1036,subject
2211,1036,subject
367,1037,subject
402,1038,subject
501,1039,subject
1215,1039,subject
1051,1041,subject
1385,1041,subject
1946,1045,subject
2026,1046,subject
1579,1047,subject
2106,1047,subject
1968,1048,subject
367,1050,subject
667,1050,subject
769,1050,subject
1156,1050,subject
1731,1050,subject
1405,1051,subject
2006,1051,subject
2004,1051,subject
285,1052,subject
916,1052,subject
857,1053,subject
695,1054,subject
1435,1054,subject
2132,1054,subject
518,1055,subject
267,1056,subject
446,1056,subject
460,1056,subject
2331,1056,subject
935,1057,subject
1450,1058,subject
1823,1058,subject
914,1059,subject
2072,1059,subject
1169,1060,subject
1223,1060,subject
1789,1062,subject
432,1064,subject
2302,1064,subject
483,1065,subject
1292,1066,subject
1902,1066,subject
363,1067,subject
1337,1067,subject
1873,1067,subject
1101,1070,subject
1164,1070,subject
1313,1070,subject
559,1071,subject
721,1071,subject
322,1072,subject
2427,1073,subject
478,1074,subject
1064,1075,subject
1154,1075,subject
1159,1076,subject
1169,1076,subject
251,1077,subject
411,1077,subject
2401,1078,subject
1581,1079,subject
1135,1082,subject
1695,1082,subject
614,1083,subject
387,1084,subject
582,1084,subject
1898,1084,subject
1647,1085,subject
852,1087,subject
426,1088,subject
694,1091,subject
757,1091,subject
973,1092,subject
632,1093,subject
1080,1094,subject
1390,1094,subject
2048,1094,subject
1743,1095,subject
1840,1095,subject
248,1096,subject
1498,1099,subject
1712,1099,subject
1628,1100,subject
780,1102,subject
266,1103,subject
331,1103,subject
1117,1103,subject
1135,1103,subject
1885,1103,subject
709,1104,subject
810,1104,subject
1097,1104,subject
2000,1104,subject
1863,1105,subject
1254,1106,subject
521,1107,subject
1072,1109,subject
727,1110,subject
236,1113,subject
767,1113,subject
28,1114,subject
1001,1114,subject
1449,1115,subject
2162,1116,subject
739,1118,subject
1432,1118,subject
280,1120,subject
543,1121,subject
1778,1123,subject
1810,1123,subject
756,1124,subject
2253,1124,subject
2349,1124,subject
598,1126,subject
1328,1127,subject
1659,1127,subject
857,1128,subject
617,1129,subject
1694,1129,subject
1831,1129,subject
267,1130,subject
390,1131,subject
912,1134,subject
1113,1134,subject
1579,1134,subject
660,1135,subject
821,1135,subject
999,1135,subject
1256,1135,subject
369,1137,subject
727,1137,subject
737,1137,subject
1888,1137,subject
2009,1137,subject
513,1138,subject
1458,1139,subject
577,1140,subject
797,1140,subject
771,1141,subject
1746,1141,subject
1947,1141,subject
2109,1142,subject
283,1143,subject
1014,1143,subject
1037,1143,subject
2336,1143,subject
518,1144,subject
1440,1145,subject
867,1147,subject
2077,1147,subject
654,1149,subject
1987,1149,subject
1476,1150,subject
1933,1150,subject
1690,1153,subject
2024,1154,subject
516,1155,subject
68.88917541503906,-0.20399630069732666,aligned(map)
166.24700927734375,-3.749354124069214,aligned(map)
160.4315643310547,0.5160411596298218,aligned(map)
100.39436340332031,6.313561916351318,aligned(map)
249.11712646484375,4.364896297454834,aligned(map)
268.2281494140625,4.471447944641113,aligned(map)
221.33384704589844,11.652557373046875,aligned(map)
241.60067749023438,14.70064926147461,aligned(map)
7.914255619049072,26.60567855834961,aligned(map)
236.73751831054688,17.923105239868164,aligned(map)
477.4969787597656,6.686459541320801,aligned(map)
870.2940063476562,-0.6625915765762329,aligned(map)
166.27613830566406,36.1890754699707,aligned(map)
937.7095336914062,0.18499065935611725,aligned(map)
134.37841796875,41.671775817871094,aligned(map)
35.116031646728516,47.30301284790039,aligned(map)
119.38184356689453,43.37018585205078,aligned(map)
417.3216552734375,29.46483612060547,aligned(map)
1033.2646484375,0.7177507281303406,aligned(map)
858.8666381835938,11.852678298950195,aligned(map)
25.287933349609375,51.75568389892578,aligned(map)
226.0225830078125,44.38405227661133,aligned(map)
369.5259704589844,38.68500518798828,aligned(map)
499.9882507324219,33.594608306884766,aligned(map)
877.5342407226562,22.963367462158203,aligned(map)
187.4080352783203,56.171207427978516,aligned(map)
752.240478515625,30.808027267456055,aligned(map)
854.563232421875,26.032451629638672,aligned(map)
909.7373046875,23.457387924194336,aligned(map)
310.8990173339844,52.4046630859375,aligned(map)
58.2542610168457,67.1915054321289,aligned(map)
840.7224731445312,30.67240333557129,aligned(map)
1292.146484375,9.603692054748535,aligned(map)
1464.74169921875,2.546881914138794,aligned(map)
767.59326171875,36.082454681396484,aligned(map)
888.0238647460938,31.46025276184082,aligned(map)
1502.963623046875,2.75998592376709,aligned(map)
167.85360717773438,67.06879425048828,aligned(map)
284.2206726074219,61.63774490356445,aligned(map)
969.3819580078125,29.660123825073242,aligned(map)
737.701904296875,41.47151565551758,aligned(map)
1343.6131591796875,13.192623138427734,aligned(map)
702.6420288085938,44.1063117980957,aligned(map)
1311.562744140625,15.686962127685547,aligned(map)
299.4208068847656,63.92381286621094,aligned(map)
1654.8486328125,3.6592214107513428,aligned(map)
385.9473876953125,64.87794494628906,aligned(map)
1561.656005859375,10.005661010742188,aligned(map)
1259.7545166015625,25.09440803527832,aligned(map)
556.6380004882812,59.90701675415039,aligned(map)
901.7265625,43.8011589050293,aligned(map)
477.4897766113281,65.59798431396484,aligned(map)
1521.783935546875,16.85903549194336,aligned(map)
605.9456787109375,60.601226806640625,aligned(map)
1598.2279052734375,17.285242080688477,aligned(map)
1719.61083984375,11.620100021362305,aligned(map)
1881.171142578125,5.078303813934326,aligned(map)
196.95994567871094,85.68024444580078,aligned(map)
502.9759826660156,72.3964614868164,aligned(map)
743.7354125976562,61.159812927246094,aligned(map)
1709.986328125,20.057252883911133,aligned(map)
301.5943603515625,86.78775024414062,aligned(map)
543.3569946289062,75.50428771972656,aligned(map)
1418.1163330078125,34.67780685424805,aligned(map)
1466.2681884765625,32.430477142333984,aligned(map)
319.70220947265625,86.94112396240234,aligned(map)
256.5537414550781,90.8868637084961,aligned(map)
1692.08203125,23.88836097717285,aligned(map)
1169.4842529296875,49.277366638183594,aligned(map)
1917.9466552734375,16.342363357543945,aligned(map)
1532.7823486328125,35.317115783691406,aligned(map)
1848.931884765625,23.5573787689209,aligned(map)
852.8404541015625,71.04512023925781,aligned(map)
875.9641723632812,70.96439361572266,aligned(map)
1295.286865234375,51.39390563964844,aligned(map)
1557.265380859375,42.162410736083984,aligned(map)
667.6621704101562,87.6756591796875,aligned(map)
2366.01953125,8.41048812866211,aligned(map)
2389.09228515625,7.333642959594727,aligned(map)
2281.8046875,13.339433670043945,aligned(map)
2309.89306640625,12.028491973876953,aligned(map)
2417.28271484375,8.01494026184082,aligned(map)
1399.1217041015625,56.53270721435547,aligned(map)
285.7618408203125,111.49055480957031,aligned(map)
439.2460021972656,104.32719421386719,aligned(map)
637.87255859375,95.05696105957031,aligned(map)
831.4832763671875,86.02082061767578,aligned(map)
845.5784912109375,86.3614730834961,aligned(map)
1595.9454345703125,51.34059524536133,aligned(map)
2439.606689453125,11.965513229370117,aligned(map)
2495.783935546875,9.343629837036133,aligned(map)
794.4679565429688,89.74537658691406,aligned(map)
1539.819091796875,54.95859909057617,aligned(map)
1585.012451171875,53.84784698486328,aligned(map)
1669.2781982421875,49.91501998901367,aligned(map)
867.8007202148438,88.31980895996094,aligned(map)
2247.15185546875,23.94318962097168,aligned(map)
748.5259399414062,95.88355255126953,aligned(map)
1492.8739013671875,61.143585205078125,aligned(map)
2359.60791015625,20.691661834716797,aligned(map)
580.14697265625,106.73756408691406,aligned(map)
2041.757568359375,38.521759033203125,aligned(map)
2160.130859375,32.997074127197266,aligned(map)
463.830810546875,113.16472625732422,aligned(map)
1388.85009765625,71.98951721191406,aligned(map)
550.255615234375,112.12662506103516,aligned(map)
1511.287109375,67.27367401123047,aligned(map)
2347.07568359375,31.261510848999023,aligned(map)
1290.79443359375,81.55841827392578,aligned(map)
1186.5162353515625,87.42374420166016,aligned(map)
2075.370849609375,46.93791580200195,aligned(map)
2241.89599609375,39.16590118408203,aligned(map)
1341.1053466796875,82.20580291748047,aligned(map)
528.5930786132812,121.12560272216797,aligned(map)
756.3114013671875,110.49761199951172,aligned(map)
1234.82080078125,88.16477966308594,aligned(map)
1653.140380859375,68.64110565185547,aligned(map)
1917.975830078125,56.28079605102539,aligned(map)
350.0806884765625,130.45556640625,aligned(map)
647.0682373046875,117.5931625366211,aligned(map)
710.267578125,114.64353942871094,aligned(map)
1730.48583984375,67.02825164794922,aligned(map)
1958.2041015625,56.40026092529297,aligned(map)
1676.3658447265625,70.55261993408203,aligned(map)
1889.03662109375,60.626914978027344,aligned(map)
1905.0872802734375,59.8778076171875,aligned(map)
876.8946533203125,108.86376953125,aligned(map)
920.03076171875,106.85053253173828,aligned(map)
816.8065795898438,113.66516876220703,aligned(map)
2140.983642578125,51.863616943359375,aligned(map)
625.303955078125,124.59990692138672,aligned(map)
1111.9404296875,103.88475799560547,aligned(map)
2320.753662109375,47.467430114746094,aligned(map)
619.4376220703125,127.86917877197266,aligned(map)
2064.045166015625,61.44542694091797,aligned(map)
304.5966491699219,145.55882263183594,aligned(map)
489.22979736328125,137.94017028808594,aligned(map)
460.23980712890625,141.29017639160156,aligned(map)
810.3441772460938,124.95022583007812,aligned(map)
1961.0755615234375,73.24066162109375,aligned(map)
2323.268798828125,57.334991455078125,aligned(map)
2462.759521484375,51.823219299316406,aligned(map)
859.753662109375,127.63667297363281,aligned(map)
1235.9403076171875,110.07941436767578,aligned(map)
1252.994140625,109.28348541259766,aligned(map)
1338.415771484375,108.29219818115234,aligned(map)
1591.213134765625,96.49372100830078,aligned(map)
572.0490112304688,145.0583038330078,aligned(map)
669.35595703125,140.51683044433594,aligned(map)
2184.13427734375,69.8196029663086,aligned(map)
1283.343505859375,112.85950469970703,aligned(map)
1832.125244140625,88.24543762207031,aligned(map)
2313.74609375,67.7643814086914,aligned(map)
973.5692138671875,131.3111572265625,aligned(map)
2076.046875,79.856689453125,aligned(map)
541.2562255859375,152.48641967773438,aligned(map)
725.8385009765625,143.8716583251953,aligned(map)
1705.93017578125,98.129150390625,aligned(map)
1084.01904296875,128.1532745361328,aligned(map)
1811.313232421875,94.20923614501953,aligned(map)
1356.9306640625,116.4145278930664,aligned(map)
1983.007080078125,89.19149017333984,aligned(map)
1910.8809814453125,94.55472564697266,aligned(map)
2253.963134765625,78.5425033569336,aligned(map)
476.4576416015625,163.49864196777344,aligned(map)
1795.618896484375,101.93119049072266,aligned(map)
1664.2552490234375,109.0606460571289,aligned(map)
1838.856689453125,101.91019439697266,aligned(map)
2100.7333984375,90.68646240234375,aligned(map)
1641.4368896484375,115.11808776855469,aligned(map)
2034.7281494140625,97.76101684570312,aligned(map)
1392.7537841796875,128.72152709960938,aligned(map)
1813.0797119140625,109.10421752929688,aligned(map)
303.3681945800781,180.5634765625,aligned(map)
878.181396484375,153.73597717285156,aligned(map)
798.9822998046875,158.4308319091797,aligned(map)
1899.555419921875,109.0622329711914,aligned(map)
1247.5494384765625,140.49093627929688,aligned(map)
1985.9293212890625,107.02800750732422,aligned(map)
2172.517822265625,98.3196029663086,aligned(map)
2428.32470703125,86.38066864013672,aligned(map)
1175.42333984375,145.8541717529297,aligned(map)
1312.85693359375,139.43991088867188,aligned(map)
1648.9169921875,123.75543212890625,aligned(map)
714.0186157226562,168.38719177246094,aligned(map)
609.7404174804688,174.2525177001953,aligned(map)
460.31982421875,182.2247314453125,aligned(map)
1957.0411376953125,112.37024688720703,aligned(map)
2143.629638671875,103.66184997558594,aligned(map)
1918.0703125,117.18456268310547,aligned(map)
1153.7099609375,153.85702514648438,aligned(map)
1302.280029296875,148.92001342773438,aligned(map)
2475.030029296875,95.18429565429688,aligned(map)
2087.859619140625,114.252685546875,aligned(map)
2457.024169921875,97.02316284179688,aligned(map)
440.8671569824219,195.1145477294922,aligned(map)
534.1614379882812,190.76036071777344,aligned(map)
1108.974609375,163.932861328125,aligned(map)
2271.64208984375,109.66922760009766,aligned(map)
680.7252197265625,185.91696166992188,aligned(map)
774.01953125,181.56275939941406,aligned(map)
559.3932495117188,192.57823181152344,aligned(map)
1243.5513916015625,160.64743041992188,aligned(map)
1192.4407958984375,164.03134155273438,aligned(map)
1211.5009765625,163.1417694091797,aligned(map)
52.896976470947266,218.21424865722656,aligned(map)
1850.567626953125,134.31394958496094,aligned(map)
1869.627685546875,133.4243927001953,aligned(map)
402.049072265625,202.91722106933594,aligned(map)
2034.197509765625,126.74213409423828,aligned(map)
488.3721008300781,199.8868865966797,aligned(map)
1447.397216796875,155.12757873535156,aligned(map)
1890.7958984375,134.4334259033203,aligned(map)
2056.318115234375,126.7082290649414,aligned(map)
1131.451416015625,170.87179565429688,aligned(map)
1990.1600341796875,130.79441833496094,aligned(map)
225.64479064941406,214.1457977294922,aligned(map)
2286.246337890625,119.9710693359375,aligned(map)
744.4334716796875,192.9285430908203,aligned(map)
1946.224365234375,136.83895874023438,aligned(map)
564.9179077148438,202.30532836914062,aligned(map)
1793.8961181640625,146.94386291503906,aligned(map)
1730.74755859375,150.8896026611328,aligned(map)
882.1213989257812,191.49488830566406,aligned(map)
2434.016845703125,119.06534576416016,aligned(map)
1311.5775146484375,173.4484405517578,aligned(map)
553.337890625,211.83224487304688,aligned(map)
2161.46142578125,137.7769317626953,aligned(map)
1766.3162841796875,158.21600341796875,aligned(map)
1595.8292236328125,167.17140197753906,aligned(map)
2015.1519775390625,147.60092163085938,aligned(map)
2089.43701171875,145.1324005126953,aligned(map)
2178.71875,140.96548461914062,aligned(map)
1298.994384765625,183.0221710205078,aligned(map)
1809.6051025390625,159.1911163330078,aligned(map)
1862.7728271484375,156.70970153808594,aligned(map)
428.298583984375,224.65750122070312,aligned(map)
500.5263977050781,221.2864990234375,aligned(map)
1964.1942138671875,153.97317504882812,aligned(map)
1193.91650390625,192.91880798339844,aligned(map)
1785.83447265625,166.29150390625,aligned(map)
2142.9609375,149.62380981445312,aligned(map)
1940.3726806640625,160.0774383544922,aligned(map)
1934.404541015625,161.35447692871094,aligned(map)
2222.312744140625,147.91732788085938,aligned(map)
1217.294677734375,197.8186798095703,aligned(map)
1115.0228271484375,203.5903778076172,aligned(map)
1280.544921875,195.8651885986328,aligned(map)
449.97564697265625,235.6277313232422,aligned(map)
1579.6405029296875,184.9013671875,aligned(map)
418.12884521484375,242.10655212402344,aligned(map)
553.5560302734375,235.7859344482422,aligned(map)
2491.669677734375,145.3309326171875,aligned(map)
1164.5340576171875,208.26907348632812,aligned(map)
1558.87939453125,191.86129760742188,aligned(map)
2019.3319091796875,170.3712158203125,aligned(map)
1235.911376953125,207.93325805664062,aligned(map)
1269.1175537109375,208.3804473876953,aligned(map)
1973.3389892578125,175.5132598876953,aligned(map)
1099.6845703125,218.28515625,aligned(map)
1739.7034912109375,188.41441345214844,aligned(map)
1036.6378173828125,224.22314453125,aligned(map)
2160.23291015625,172.78158569335938,aligned(map)
2432.09033203125,160.09353637695312,aligned(map)
1180.192138671875,219.5202178955078,aligned(map)
1550.3597412109375,202.24386596679688,aligned(map)
1947.6129150390625,183.70339965820312,aligned(map)
1904.57861328125,187.70887756347656,aligned(map)
2344.9677734375,167.15518188476562,aligned(map)
2318.936279296875,169.3686065673828,aligned(map)
1524.4810791015625,207.44564819335938,aligned(map)
622.6871337890625,250.53237915039062,aligned(map)
915.6111450195312,236.8611297607422,aligned(map)
1122.2630615234375,227.21633911132812,aligned(map)
1601.775634765625,204.83668518066406,aligned(map)
1735.2982177734375,200.60194396972656,aligned(map)
2184.7158203125,179.6268768310547,aligned(map)
2367.291748046875,171.1057586669922,aligned(map)
1434.3997802734375,215.6438751220703,aligned(map)
2097.491455078125,184.69627380371094,aligned(map)
2201.820556640625,179.8270721435547,aligned(map)
1310.058349609375,222.44558715820312,aligned(map)
1256.992431640625,226.9192657470703,aligned(map)
1965.27734375,194.8609161376953,aligned(map)
2145.897705078125,187.42955017089844,aligned(map)
1896.2625732421875,202.075927734375,aligned(map)
510.19464111328125,272.7569885253906,aligned(map)
1108.0806884765625,244.8526611328125,aligned(map)
1076.0302734375,247.3470001220703,aligned(map)
1956.1107177734375,212.2631378173828,aligned(map)
943.96875,260.5,aligned(map)
1103.471923828125,253.05572509765625,aligned(map)
2092.592041015625,206.89183044433594,aligned(map)
2464.81689453125,190.51797485351562,aligned(map)
2342.481689453125,197.22604370117188,aligned(map)
2431.814208984375,194.0552520751953,aligned(map)
2250.29248046875,203.52566528320312,aligned(map)
1586.29931640625,236.5123291015625,aligned(map)
1831.1732177734375,227.0806427001953,aligned(map)
2024.783935546875,218.0445098876953,aligned(map)
2107.04345703125,214.205322265625,aligned(map)
354.5660705566406,296.9948425292969,aligned(map)
1692.8382568359375,235.53395080566406,aligned(map)
1567.5953369140625,244.37472534179688,aligned(map)
1610.7314453125,242.3614959716797,aligned(map)
2152.440185546875,217.07904052734375,aligned(map)
1747.2635498046875,237.98631286621094,aligned(map)
1552.7005615234375,248.0653839111328,aligned(map)
11.890941619873047,320.9760437011719,aligned(map)
2116.580810546875,223.74514770507812,aligned(map)
1594.986083984375,249.0873260498047,aligned(map)
1816.6854248046875,238.74024963378906,aligned(map)
997.1510620117188,277.98779296875,aligned(map)
1849.8408203125,238.1913299560547,aligned(map)
243.82546997070312,314.1452331542969,aligned(map)
2082.625732421875,228.3253631591797,aligned(map)
2096.720947265625,228.666015625,aligned(map)
189.75636291503906,318.6657409667969,aligned(map)
1653.3731689453125,250.3562774658203,aligned(map)
2008.493408203125,233.7822265625,aligned(map)
1373.5921630859375,265.4111328125,aligned(map)
1740.85205078125,250.26748657226562,aligned(map)
1836.1527099609375,245.81964111328125,aligned(map)
2389.8994140625,219.97535705566406,aligned(map)
422.7958068847656,313.7803649902344,aligned(map)
1949.6629638671875,243.5174102783203,aligned(map)
1992.7989501953125,241.50418090820312,aligned(map)
1766.134765625,253.08148193359375,aligned(map)
1490.3154296875,266.9529113769531,aligned(map)
1554.56884765625,264.9526062011719,aligned(map)
2290.9931640625,232.57943725585938,aligned(map)
1708.2564697265625,261.7737121582031,aligned(map)
2009.3076171875,249.72015380859375,aligned(map)
699.2257690429688,311.8623352050781,aligned(map)
2278.20654296875,238.16868591308594,aligned(map)
2346.421630859375,234.98497009277344,aligned(map)
2042.6156005859375,252.1595916748047,aligned(map)
425.5654296875,328.6285095214844,aligned(map)
858.9324340820312,308.4025573730469,aligned(map)
662.4140014648438,319.5713806152344,aligned(map)
2046.7808837890625,254.96067810058594,aligned(map)
1433.8983154296875,284.56341552734375,aligned(map)
1518.1641845703125,280.6305847167969,aligned(map)
2267.6806640625,248.6448974609375,aligned(map)
2171.478515625,255.1317901611328,aligned(map)
1413.1881103515625,292.51947021484375,aligned(map)
1562.6595458984375,285.5433654785156,aligned(map)
1592.7545166015625,284.1387939453125,aligned(map)
615.7232666015625,330.7369689941406,aligned(map)
1910.961181640625,273.28155517578125,aligned(map)
1722.56982421875,286.06805419921875,aligned(map)
2380.645751953125,255.3545684814453,aligned(map)
1863.063720703125,280.50946044921875,aligned(map)
731.545166015625,334.31781005859375,aligned(map)
1809.9468994140625,283.9870300292969,aligned(map)
2016.7005615234375,276.33447265625,aligned(map)
1898.4288330078125,283.85137939453125,aligned(map)
1452.17333984375,307.67437744140625,aligned(map)
1296.7337646484375,315.927490234375,aligned(map)
2316.951904296875,268.31219482421875,aligned(map)
1380.04736328125,313.03759765625,aligned(map)
1764.25927734375,295.10577392578125,aligned(map)
761.145751953125,342.9212646484375,aligned(map)
1800.424072265625,294.4164123535156,aligned(map)
279.6777648925781,366.39068603515625,aligned(map)
1573.7598876953125,305.99371337890625,aligned(map)
2296.089111328125,273.2798767089844,aligned(map)
434.41949462890625,364.1611022949219,aligned(map)
2132.82763671875,285.89202880859375,aligned(map)
1742.647705078125,305.10089111328125,aligned(map)
1882.1893310546875,300.5852355957031,aligned(map)
2286.464599609375,281.717041015625,aligned(map)
899.2408447265625,349.4565734863281,aligned(map)
1686.724853515625,312.703369140625,aligned(map)
1706.889892578125,313.75921630859375,aligned(map)
1751.0291748046875,311.69915771484375,aligned(map)
1515.33642578125,323.6978454589844,aligned(map)
1969.7698974609375,302.4886779785156,aligned(map)
2174.517333984375,294.92974853515625,aligned(map)
2306.934814453125,288.7496032714844,aligned(map)
2435.33984375,282.7567443847656,aligned(map)
1987.9794921875,304.63427734375,aligned(map)
2341.093505859375,288.15386962890625,aligned(map)
136.1889190673828,392.0589294433594,aligned(map)
968.8153686523438,353.1988830566406,aligned(map)
1621.9771728515625,324.7117004394531,aligned(map)
2413.62646484375,290.75958251953125,aligned(map)
2215.406982421875,307.998779296875,aligned(map)
949.4644775390625,368.0809326171875,aligned(map)
1387.9490966796875,349.6131286621094,aligned(map)
1668.885986328125,337.49981689453125,aligned(map)
355.7947082519531,399.782470703125,aligned(map)
1505.421142578125,346.12750244140625,aligned(map)
1699.1336669921875,339.0835876464844,aligned(map)
210.48854064941406,409.55963134765625,aligned(map)
1447.3902587890625,351.83135986328125,aligned(map)
327.0082702636719,407.116943359375,aligned(map)
1130.54296875,369.6146545410156,aligned(map)
1646.2203369140625,346.5456237792969,aligned(map)
2179.90380859375,321.6377258300781,aligned(map)
2342.46728515625,315.0491027832031,aligned(map)
189.77828979492188,417.51568603515625,aligned(map)
2266.430419921875,322.59185791015625,aligned(map)
447.74420166015625,408.4714660644531,aligned(map)
1738.8167724609375,348.2149658203125,aligned(map)
393.67510986328125,412.991943359375,aligned(map)
1549.371337890625,360.05218505859375,aligned(map)
1662.8306884765625,356.7538146972656,aligned(map)
357.81561279296875,419.6580505371094,aligned(map)
489.2301330566406,413.52471923828125,aligned(map)
1432.2047119140625,369.5145263671875,aligned(map)
35.85072708129883,435.6831970214844,aligned(map)
2283.040771484375,332.800048828125,aligned(map)
219.5824737548828,430.1036071777344,aligned(map)
956.9083251953125,395.6913757324219,aligned(map)
1004.0570068359375,393.4908752441406,aligned(map)
1004.0570068359375,393.4908752441406,aligned(map)
1243.8133544921875,382.301025390625,aligned(map)
1016.1458740234375,393.9251403808594,aligned(map)
2488.791259765625,325.1943359375,aligned(map)
804.5291137695312,404.8001403808594,aligned(map)
885.8363037109375,402.00390625,aligned(map)
338.2611999511719,430.5556335449219,aligned(map)
2001.5078125,352.92913818359375,aligned(map)
1583.2391357421875,373.4489440917969,aligned(map)
2093.900634765625,350.614013671875,aligned(map)
2111.95751953125,349.771240234375,aligned(map)
216.0277862548828,439.2559509277344,aligned(map)
1910.3724365234375,360.1780700683594,aligned(map)
1522.19873046875,379.29327392578125,aligned(map)
934.395263671875,407.72552490234375,aligned(map)
1264.4364013671875,392.32196044921875,aligned(map)
1540.357421875,380.4427490234375,aligned(map)
2219.550537109375,349.7421875,aligned(map)
234.3391876220703,443.393798828125,aligned(map)
1701.96875,374.8970947265625,aligned(map)
1791.2503662109375,370.73016357421875,aligned(map)
2033.012939453125,359.4466857910156,aligned(map)
1127.25732421875,403.7168273925781,aligned(map)
1150.330078125,402.6399841308594,aligned(map)
1614.795166015625,380.9626159667969,aligned(map)
1813.4217529296875,371.6923828125,aligned(map)
2402.279296875,344.20941162109375,aligned(map)
1484.5364990234375,390.0374755859375,aligned(map)
2328.19775390625,350.66241455078125,aligned(map)
1877.8277587890625,372.680419921875,aligned(map)
2254.014404296875,355.1231689453125,aligned(map)
1214.837890625,405.6202392578125,aligned(map)
2098.625732421875,364.3724060058594,aligned(map)
1329.24951171875,401.2789611816406,aligned(map)
1289.173828125,404.1478576660156,aligned(map)
1575.07568359375,390.8043518066406,aligned(map)
1792.7623291015625,380.64453125,aligned(map)
415.4685363769531,445.92364501953125,aligned(map)
1720.58544921875,385.01165771484375,aligned(map)
1563.1395263671875,393.3584289550781,aligned(map)
28.39972496032715,466.9842834472656,aligned(map)
834.9439086914062,429.3415222167969,aligned(map)
960.3394775390625,423.48907470703125,aligned(map)
1813.0291748046875,383.692626953125,aligned(map)
1772.9534912109375,386.5615234375,aligned(map)
2338.73828125,360.1554260253906,aligned(map)
1665.7166748046875,393.5634460449219,aligned(map)
2448.184814453125,357.0443420410156,aligned(map)
1176.223388671875,417.40740966796875,aligned(map)
206.21424865722656,463.6778564453125,aligned(map)
746.9198608398438,438.44219970703125,aligned(map)
1485.2998046875,404.9792785644531,aligned(map)
1679.9136962890625,395.8963317871094,aligned(map)
1869.5626220703125,388.0435791015625,aligned(map)
1635.876220703125,399.9486083984375,aligned(map)
777.2183227539062,441.0220947265625,aligned(map)
1343.053955078125,415.61212158203125,aligned(map)
2159.6298828125,377.50115966796875,aligned(map)
920.7726440429688,436.3191833496094,aligned(map)
864.6463012695312,439.93719482421875,aligned(map)
1719.3424072265625,400.0470886230469,aligned(map)
2242.994140625,375.6073913574219,aligned(map)
191.62477111816406,473.34521484375,aligned(map)
1294.1024169921875,421.8907470703125,aligned(map)
1940.1402587890625,391.73907470703125,aligned(map)
1586.07421875,409.2624206542969,aligned(map)
2396.681884765625,372.4284973144531,aligned(map)
382.378662109375,467.4378967285156,aligned(map)
724.4577026367188,451.4725036621094,aligned(map)
736.4956665039062,450.9106750488281,aligned(map)
358.3536071777344,469.55767822265625,aligned(map)
2260.353271484375,380.7881774902344,aligned(map)
224.98362731933594,476.78076171875,aligned(map)
822.86962890625,448.8764343261719,aligned(map)
1833.1070556640625,402.7254638671875,aligned(map)
1434.901611328125,422.3088684082031,aligned(map)
2487.22119140625,373.19537353515625,aligned(map)
1251.3734130859375,431.8729248046875,aligned(map)
344.563720703125,475.1937561035156,aligned(map)
859.1870727539062,451.1754150390625,aligned(map)
203.16844177246094,482.7914123535156,aligned(map)
640.5989990234375,463.374267578125,aligned(map)
2443.33642578125,380.23602294921875,aligned(map)
368.8432312011719,478.0545654296875,aligned(map)
991.8082885742188,448.979736328125,aligned(map)
2466.561767578125,382.14752197265625,aligned(map)
1115.401123046875,447.2054443359375,aligned(map)
1511.6510009765625,428.7117919921875,aligned(map)
1674.1636962890625,421.1270446777344,aligned(map)
2192.799560546875,396.92144775390625,aligned(map)
1557.847412109375,427.5542297363281,aligned(map)
984.0883178710938,455.3310241699219,aligned(map)
1043.2750244140625,452.56866455078125,aligned(map)
2245.06591796875,396.4790954589844,aligned(map)
1580.0189208984375,428.5164489746094,aligned(map)
897.9688720703125,462.3458557128906,aligned(map)
1479.9569091796875,438.1789855957031,aligned(map)
774.7831420898438,472.089111328125,aligned(map)
1627.472900390625,432.2926330566406,aligned(map)
1252.34033203125,450.7991943359375,aligned(map)
1965.5902099609375,417.5106506347656,aligned(map)
675.5716552734375,478.7164611816406,aligned(map)
1637.6063232421875,433.8166809082031,aligned(map)
2047.9005126953125,414.6675720214844,aligned(map)
1136.1767578125,460.2147216796875,aligned(map)
1277.673828125,454.60931396484375,aligned(map)
519.3324584960938,491.0008850097656,aligned(map)
641.718505859375,485.2889099121094,aligned(map)
2476.506103515625,399.65631103515625,aligned(map)
559.5098876953125,490.12420654296875,aligned(map)
592.6143188476562,488.5791931152344,aligned(map)
862.465576171875,475.9847717285156,aligned(map)
2065.310546875,420.844482421875,aligned(map)
129.254150390625,512.2019653320312,aligned(map)
910.71923828125,475.72967529296875,aligned(map)
1061.2447509765625,469.7029113769531,aligned(map)
478.5080261230469,498.8971862792969,aligned(map)
777.4509887695312,484.94500732421875,aligned(map)
1602.0521240234375,446.4595031738281,aligned(map)
1335.2613525390625,459.9095764160156,aligned(map)
664.1951904296875,492.22784423828125,aligned(map)
2421.7392578125,410.2003173828125,aligned(map)
1666.4073486328125,446.451416015625,aligned(map)
2181.03076171875,422.43310546875,aligned(map)
1459.806396484375,457.09234619140625,aligned(map)
2232.242919921875,421.04144287109375,aligned(map)
350.357421875,509.87066650390625,aligned(map)
1440.89892578125,460.97027587890625,aligned(map)
871.1524047851562,488.5597839355469,aligned(map)
1005.576416015625,482.2859802246094,aligned(map)
1037.677734375,480.7877502441406,aligned(map)
2334.769287109375,420.2503356933594,aligned(map)
1158.1082763671875,476.1655578613281,aligned(map)
2314.7568359375,422.1828308105469,aligned(map)
307.47576904296875,516.864501953125,aligned(map)
1262.48828125,472.29248046875,aligned(map)
348.7073059082031,516.9371337890625,aligned(map)
371.7800598144531,515.8602905273438,aligned(map)
323.6790771484375,519.103759765625,aligned(map)
1681.963623046875,455.7103271484375,aligned(map)
770.1381225585938,499.2652587890625,aligned(map)
183.33782958984375,527.6506958007812,aligned(map)
1197.587890625,481.31243896484375,aligned(map)
1631.9581298828125,461.0396728515625,aligned(map)
1057.2467041015625,489.8594055175781,aligned(map)
1076.3067626953125,488.9698181152344,aligned(map)
2051.382568359375,443.46142578125,aligned(map)
518.5982666015625,515.9974975585938,aligned(map)
981.0570678710938,494.4137878417969,aligned(map)
2232.003173828125,436.0300598144531,aligned(map)
503.6017150878906,517.6959228515625,aligned(map)
1214.84521484375,484.5010070800781,aligned(map)
1299.111083984375,480.56817626953125,aligned(map)
1375.3515625,477.0098876953125,aligned(map)
2246.09814453125,436.3706970214844,aligned(map)
607.981689453125,513.8228149414062,aligned(map)
285.0136413574219,529.894775390625,aligned(map)
1973.33935546875,451.0978088378906,aligned(map)
657.238525390625,513.5209350585938,aligned(map)
2085.74462890625,446.85015869140625,aligned(map)
1403.7454833984375,481.6756896972656,aligned(map)
765.9364624023438,515.437255859375,aligned(map)
1169.2086181640625,496.6158752441406,aligned(map)
2284.727294921875,444.5527648925781,aligned(map)
627.5506591796875,522.8944702148438,aligned(map)
364.8233642578125,537.1533813476562,aligned(map)
400.9372863769531,535.4678955078125,aligned(map)
1045.9720458984375,505.363037109375,aligned(map)
731.0292358398438,521.0604248046875,aligned(map)
231.50428771972656,545.37255859375,aligned(map)
1088.2066650390625,505.38885498046875,aligned(map)
2479.646484375,441.446533203125,aligned(map)
80.12822723388672,554.4345703125,aligned(map)
2106.5712890625,460.8555603027344,aligned(map)
574.8409423828125,534.3409423828125,aligned(map)
1001.185791015625,514.4427490234375,aligned(map)
593.9519653320312,534.447509765625,aligned(map)
17.183303833007812,562.36474609375,aligned(map)
1149.8067626953125,510.5018310546875,aligned(map)
238.03213500976562,555.0528564453125,aligned(map)
1106.7724609375,514.50732421875,aligned(map)
6.352041721343994,566.8642578125,aligned(map)
997.4784545898438,520.6067504882812,aligned(map)
1183.0638427734375,511.9451599121094,aligned(map)
1285.4375,508.1656799316406,aligned(map)
991.6121215820312,523.8759765625,aligned(map)
1129.045654296875,517.4617309570312,aligned(map)
31.63469696044922,569.67822265625,aligned(map)
911.4098510742188,528.61767578125,aligned(map)
2249.631103515625,466.16064453125,aligned(map)
2386.0615234375,459.793212890625,aligned(map)
2150.368896484375,471.7919006347656,aligned(map)
935.5875854492188,529.4862670898438,aligned(map)
1371.0118408203125,510.16278076171875,aligned(map)
1430.2493896484375,508.39654541015625,aligned(map)
2011.0816650390625,481.28814697265625,aligned(map)
610.7149658203125,547.6441040039062,aligned(map)
1800.518798828125,493.1124572753906,aligned(map)
2271.104736328125,473.1463928222656,aligned(map)
2470.734375,463.829345703125,aligned(map)
1164.665283203125,525.7843017578125,aligned(map)
2350.405517578125,470.44378662109375,aligned(map)
412.3428649902344,561.8948974609375,aligned(map)
279.9760437011719,569.0711669921875,aligned(map)
740.4285278320312,547.5811157226562,aligned(map)
2033.5074462890625,487.23095703125,aligned(map)
2287.30810546875,475.3856506347656,aligned(map)
1069.517333984375,533.220458984375,aligned(map)
1678.4381103515625,504.8011169433594,aligned(map)
2227.1689453125,479.1909484863281,aligned(map)
1360.48583984375,520.6389770507812,aligned(map)
1407.6346435546875,518.4384765625,aligned(map)
1923.2611083984375,494.3733215332031,aligned(map)
1002.4071044921875,538.349609375,aligned(map)
1090.685546875,534.2294921875,aligned(map)
700.5054931640625,553.4383544921875,aligned(map)
989.4168090820312,539.9544067382812,aligned(map)
2190.255615234375,484.90771484375,aligned(map)
2163.220947265625,487.16796875,aligned(map)
2305.67041015625,480.5196228027344,aligned(map)
869.2406616210938,549.5571899414062,aligned(map)
2200.54150390625,489.4201354980469,aligned(map)
1432.1685791015625,526.2799072265625,aligned(map)
1776.25390625,510.2208557128906,aligned(map)
1983.908935546875,500.52923583984375,aligned(map)
2140.453369140625,494.2215270996094,aligned(map)
1580.7386474609375,521.3428344726562,aligned(map)
2077.304931640625,498.1672668457031,aligned(map)
2084.3271484375,497.83953857421875,aligned(map)
1282.8497314453125,536.2443237304688,aligned(map)
1348.055419921875,533.2010498046875,aligned(map)
202.49252319335938,587.6649169921875,aligned(map)
2416.476318359375,484.3345642089844,aligned(map)
251.8002471923828,588.359130859375,aligned(map)
1806.705078125,515.7891235351562,aligned(map)
1945.192626953125,510.32415771484375,aligned(map)
2230.142333984375,498.0235595703125,aligned(map)
1417.6298828125,536.943359375,aligned(map)
579.035400390625,577.0804443359375,aligned(map)
1054.586181640625,555.8842163085938,aligned(map)
945.2921752929688,561.983642578125,aligned(map)
239.1153106689453,595.9406127929688,aligned(map)
74.64723205566406,604.6151123046875,aligned(map)
1598.4539794921875,533.4964599609375,aligned(map)
1201.251708984375,553.0330810546875,aligned(map)
1042.8026123046875,561.4266357421875,aligned(map)
1090.95458984375,559.1793212890625,aligned(map)
2314.865966796875,503.0558166503906,aligned(map)
2399.1826171875,500.1191101074219,aligned(map)
2333.024658203125,504.205322265625,aligned(map)
802.297607421875,577.6439208984375,aligned(map)
1295.8544921875,554.6087646484375,aligned(map)
1712.167724609375,535.1787109375,aligned(map)
1757.3101806640625,533.0718383789062,aligned(map)
904.6712646484375,573.8644409179688,aligned(map)
1740.3072509765625,534.8638916015625,aligned(map)
1971.0859375,525.091552734375,aligned(map)
921.8268432617188,575.0607299804688,aligned(map)
1658.1495361328125,540.6953125,aligned(map)
2265.06396484375,512.36962890625,aligned(map)
978.1058349609375,574.4310913085938,aligned(map)
251.9165802001953,610.320556640625,aligned(map)
57.353572845458984,620.399658203125,aligned(map)
1510.9388427734375,552.5584106445312,aligned(map)
1465.8472900390625,555.661376953125,aligned(map)
242.03759765625,613.777099609375,aligned(map)
771.7083740234375,589.0565185546875,aligned(map)
640.3956298828125,597.1820678710938,aligned(map)
1350.635986328125,564.033935546875,aligned(map)
1992.712158203125,535.065673828125,aligned(map)
2023.861083984375,534.6104125976562,aligned(map)
810.0830688476562,592.2579345703125,aligned(map)
150.153564453125,626.053466796875,aligned(map)
218.36874389648438,622.8697509765625,aligned(map)
1240.59326171875,575.1608276367188,aligned(map)
534.4164428710938,609.1177368164062,aligned(map)
1205.584228515625,578.791748046875,aligned(map)
1834.6192626953125,550.43212890625,aligned(map)
2484.669677734375,520.0931396484375,aligned(map)
554.6832275390625,612.1658325195312,aligned(map)
1713.338134765625,558.0894775390625,aligned(map)
2354.360107421875,528.1719360351562,aligned(map)
2462.7529296875,524.111572265625,aligned(map)
2148.813232421875,539.7621459960938,aligned(map)
1932.1806640625,550.8712158203125,aligned(map)
2320.4052734375,532.7521362304688,aligned(map)
228.85836791992188,631.3666381835938,aligned(map)
2173.041748046875,541.6268310546875,aligned(map)
2097.85546875,546.1343994140625,aligned(map)
2253.396728515625,539.87353515625,aligned(map)
816.916259765625,607.9149780273438,aligned(map)
1982.59326171875,553.5108642578125,aligned(map)
1192.150634765625,591.400634765625,aligned(map)
601.337646484375,619.973388671875,aligned(map)
1692.780517578125,569.0338745117188,aligned(map)
2305.764892578125,541.4234008789062,aligned(map)
459.0409851074219,629.6100463867188,aligned(map)
2074.1357421875,554.2308959960938,aligned(map)
303.65228271484375,638.8593139648438,aligned(map)
997.842041015625,606.4603271484375,aligned(map)
1145.3072509765625,599.577880859375,aligned(map)
1415.2093505859375,587.9795532226562,aligned(map)
2376.24072265625,543.1266479492188,aligned(map)
-5.220583438873291,655.2719116210938,aligned(map)
875.5577392578125,614.1644897460938,aligned(map)
1619.90576171875,579.424560546875,aligned(map)
1924.86767578125,565.1914672851562,aligned(map)
2259.924560546875,549.5537719726562,aligned(map)
2034.2635498046875,561.0842895507812,aligned(map)
2281.0419921875,549.5667114257812,aligned(map)
2007.381591796875,566.3328857421875,aligned(map)
800.625732421875,623.6527099609375,aligned(map)
278.0279846191406,649.0416870117188,aligned(map)
1726.6483154296875,582.4306640625,aligned(map)
462.7120056152344,642.419189453125,aligned(map)
1086.6802978515625,613.2975463867188,aligned(map)
196.92433166503906,655.8223876953125,aligned(map)
1220.1519775390625,608.066650390625,aligned(map)
1859.167724609375,578.2427368164062,aligned(map)
190.9562225341797,657.0994262695312,aligned(map)
2106.0478515625,568.7174072265625,aligned(map)
166.18243408203125,664.2466430664062,aligned(map)
1913.7457275390625,583.6834716796875,aligned(map)
1409.3575439453125,611.2180786132812,aligned(map)
1625.0379638671875,601.1519165039062,aligned(map)
1499.6932373046875,608.0004272460938,aligned(map)
972.0796508789062,633.62353515625,aligned(map)
1134.59228515625,626.038818359375,aligned(map)
2199.952880859375,576.316650390625,aligned(map)
1832.8455810546875,594.4486694335938,aligned(map)
1938.1778564453125,589.5326538085938,aligned(map)
2375.5576171875,569.119384765625,aligned(map)
2477.88037109375,564.3438110351562,aligned(map)
1724.5546875,600.5012817382812,aligned(map)
2123.864990234375,582.86328125,aligned(map)
448.6313781738281,662.0477294921875,aligned(map)
263.1477355957031,672.7015380859375,aligned(map)
2013.720458984375,591.9978637695312,aligned(map)
992.550048828125,640.6561279296875,aligned(map)
1026.6575927734375,639.0642700195312,aligned(map)
2367.888427734375,576.466796875,aligned(map)
910.3414306640625,645.491455078125,aligned(map)
2292.701904296875,580.974365234375,aligned(map)
2155.3193359375,588.3847045898438,aligned(map)
1604.6329345703125,615.0846557617188,aligned(map)
1856.42724609375,603.3330078125,aligned(map)
2039.003173828125,594.8118896484375,aligned(map)
70.84549713134766,687.6676025390625,aligned(map)
499.1966857910156,667.6757202148438,aligned(map)
1177.4376220703125,638.01806640625,aligned(map)
1199.5072021484375,636.988037109375,aligned(map)
1682.0802001953125,615.4640502929688,aligned(map)
1978.013671875,601.65234375,aligned(map)
1954.03955078125,604.7682495117188,aligned(map)
163.4419403076172,689.3369140625,aligned(map)
594.853515625,670.2007446289062,aligned(map)
841.6319580078125,658.6831665039062,aligned(map)
1105.4642333984375,646.3696899414062,aligned(map)
1561.954833984375,626.06298828125,aligned(map)
0.07879872620105743,699.9568481445312,aligned(map)
410.4748229980469,682.7999877929688,aligned(map)
201.8675079345703,693.5344848632812,aligned(map)
256.03839111328125,691.0062866210938,aligned(map)
1430.743896484375,636.1807861328125,aligned(map)
2146,602.798583984375,aligned(map)
240.03863525390625,692.75146484375,aligned(map)
460.73480224609375,682.4512329101562,aligned(map)
2241.3515625,599.3468627929688,aligned(map)
502.9186096191406,681.48095703125,aligned(map)
1919.38671875,615.3720092773438,aligned(map)
2252.437255859375,599.8280029296875,aligned(map)
1312.523193359375,644.69384765625,aligned(map)
930.368408203125,663.5281372070312,aligned(map)
420.811767578125,688.3084716796875,aligned(map)
2331.83984375,599.1176147460938,aligned(map)
816.1094360351562,670.8577880859375,aligned(map)
1423.02392578125,642.5320434570312,aligned(map)
2135.2705078125,609.2903442382812,aligned(map)
1611.669677734375,634.7261352539062,aligned(map)
377.8792419433594,694.3062133789062,aligned(map)
1772.2777099609375,629.227294921875,aligned(map)
2005.011962890625,618.3651733398438,aligned(map)
1015.9935913085938,666.5213012695312,aligned(map)
2159.60107421875,613.1472778320312,aligned(map)
745.1900634765625,680.15869140625,aligned(map)
1866.77880859375,628.8107299804688,aligned(map)
758.3838500976562,682.5383911132812,aligned(map)
1262.0233154296875,660.0311889648438,aligned(map)
344.3314208984375,706.8553466796875,aligned(map)
1948.442138671875,632.9873657226562,aligned(map)
212.06637573242188,716.0238647460938,aligned(map)
2441.09765625,611.9912719726562,aligned(map)
311.4305419921875,712.3848876953125,aligned(map)
926.3703002929688,683.6846313476562,aligned(map)
1635.6075439453125,650.5833129882812,aligned(map)
183.0763702392578,719.3739013671875,aligned(map)
1896.481201171875,639.4064331054688,aligned(map)
844.2634887695312,690.5121459960938,aligned(map)
2117.279052734375,631.098388671875,aligned(map)
1390.086669921875,667.03466796875,aligned(map)
250.54281616210938,721.2175903320312,aligned(map)
1199.536376953125,676.9264526367188,aligned(map)
1489.4508056640625,663.3956909179688,aligned(map)
2462.520263671875,617.9808959960938,aligned(map)
273.66650390625,721.1368408203125,aligned(map)
1185.6446533203125,680.5703125,aligned(map)
1300.0054931640625,675.23291015625,aligned(map)
2294.141357421875,628.8348999023438,aligned(map)
718.32275390625,705.37646484375,aligned(map)
1879.9871826171875,651.15966796875,aligned(map)
1996.405029296875,646.7247314453125,aligned(map)
1275.1807861328125,681.3839721679688,aligned(map)
1832.940185546875,655.3524169921875,aligned(map)
2356.592041015625,630.9127197265625,aligned(map)
1963.4024658203125,650.2620239257812,aligned(map)
2014.5638427734375,647.874267578125,aligned(map)
461.7162170410156,721.3467407226562,aligned(map)
1574.2255859375,669.424072265625,aligned(map)
2489.111572265625,626.7247924804688,aligned(map)
1662.554931640625,666.300048828125,aligned(map)
2179.1845703125,642.1881103515625,aligned(map)
743.7071533203125,710.1827392578125,aligned(map)
2126.067626953125,645.6656494140625,aligned(map)
2444.07080078125,630.8239135742188,aligned(map)
1610.4920654296875,670.7269287109375,aligned(map)
977.5462646484375,701.2660522460938,aligned(map)
2300.72021484375,639.5113525390625,aligned(map)
232.24600219726562,737.0489501953125,aligned(map)
366.7209167480469,731.7713012695312,aligned(map)
2282.764892578125,642.3463134765625,aligned(map)
859.3255004882812,709.7791137695312,aligned(map)
683.8226318359375,718.9686279296875,aligned(map)
1841.474365234375,664.9390869140625,aligned(map)
309.74407958984375,738.4244384765625,aligned(map)
521.4118041992188,728.5455932617188,aligned(map)
1508.5255126953125,682.475341796875,aligned(map)
1351.1304931640625,691.8182373046875,aligned(map)
1031.1719970703125,707.7496948242188,aligned(map)
1711.3682861328125,677.0023193359375,aligned(map)
1792.6246337890625,673.2099609375,aligned(map)
2115.6435546875,658.1340942382812,aligned(map)
496.58709716796875,734.6966552734375,aligned(map)
2258.143798828125,652.4818725585938,aligned(map)
364.22027587890625,741.8729248046875,aligned(map)
1274.1412353515625,700.4039306640625,aligned(map)
140.61639404296875,754.305908203125,aligned(map)
669.3858032226562,731.6243286132812,aligned(map)
2073.968505859375,669.0656127929688,aligned(map)
2154.2216796875,665.320068359375,aligned(map)
292.4504089355469,754.208984375,aligned(map)
1771.11474609375,685.197265625,aligned(map)
1168.2637939453125,714.3318481445312,aligned(map)
1844.3966064453125,682.7755737304688,aligned(map)
2049.042236328125,673.2244262695312,aligned(map)
897.4603271484375,727.9691772460938,aligned(map)
2005.0047607421875,677.2767333984375,aligned(map)
890.5399780273438,730.2891845703125,aligned(map)
700.9927368164062,740.1341552734375,aligned(map)
1619.891357421875,697.2476196289062,aligned(map)
530.5056762695312,749.0895385742188,aligned(map)
1721.2618408203125,693.5149536132812,aligned(map)
2292.0625,666.874755859375,aligned(map)
977.9678955078125,729.2042236328125,aligned(map)
2315.18603515625,666.7940063476562,aligned(map)
2496.7587890625,658.3197021484375,aligned(map)
660.0156860351562,745.0421142578125,aligned(map)
646.0222778320312,746.6936645507812,aligned(map)
459.4845886230469,756.398193359375,aligned(map)
964.1271362304688,733.8441772460938,aligned(map)
1944.21875,688.1016845703125,aligned(map)
467.6116638183594,758.015869140625,aligned(map)
1189.8900146484375,724.3059692382812,aligned(map)
282.1280212402344,768.669677734375,aligned(map)
322.30548095703125,767.7930297851562,aligned(map)
860.0015869140625,742.6978759765625,aligned(map)
430.6981201171875,763.732666015625,aligned(map)
874.0968017578125,743.0385131835938,aligned(map)
1343.628662109375,722.1231689453125,aligned(map)
1540.2489013671875,712.9465942382812,aligned(map)
1641.670166015625,710.2100830078125,aligned(map)
546.2655639648438,762.3329467773438,aligned(map)
1862.4681396484375,701.9020385742188,aligned(map)
738.0226440429688,756.3787841796875,aligned(map)
1498.4212646484375,720.8897094726562,aligned(map)
2056.1806640625,694.858154296875,aligned(map)
448.20989990234375,771.90185546875,aligned(map)
1973.019775390625,700.7363891601562,aligned(map)
2119.481689453125,693.9007568359375,aligned(map)
2072.48583984375,699.0896606445312,aligned(map)
1068.419921875,747.9480590820312,aligned(map)
2013.45166015625,704.84033203125,aligned(map)
939.113525390625,755.97998046875,aligned(map)
2139.9521484375,700.933349609375,aligned(map)
2238.26220703125,696.3450317382812,aligned(map)
614.1900024414062,773.1417236328125,aligned(map)
1223.16162109375,745.718505859375,aligned(map)
2046.810546875,708.27587890625,aligned(map)
84.67185974121094,800.8507080078125,aligned(map)
821.9976806640625,766.4384765625,aligned(map)
1134.9849853515625,751.830810546875,aligned(map)
2173.26025390625,703.372802734375,aligned(map)
1834.2923583984375,721.1900024414062,aligned(map)
355.7806701660156,793.1900634765625,aligned(map)
1788.2994384765625,726.33203125,aligned(map)
2127.368896484375,710.507080078125,aligned(map)
98.01831817626953,806.21875,aligned(map)
980.802978515625,765.0177001953125,aligned(map)
1701.0750732421875,731.4014282226562,aligned(map)
749.1229248046875,776.8291015625,aligned(map)
2329.10693359375,703.088623046875,aligned(map)
815.3826293945312,774.7351684570312,aligned(map)
1337.028076171875,750.3890991210938,aligned(map)
844.5252685546875,774.37353515625,aligned(map)
1254.819580078125,755.2244262695312,aligned(map)
1524.7216796875,743.6260986328125,aligned(map)
661.0479736328125,784.9337158203125,aligned(map)
1752.4908447265625,733.9942626953125,aligned(map)
2065.47802734375,719.3865966796875,aligned(map)
2012.361328125,722.8641357421875,aligned(map)
2031.42138671875,721.9745483398438,aligned(map)
2161.832763671875,715.8880615234375,aligned(map)
2041.50390625,722.5025024414062,aligned(map)
252.9127197265625,806.9775390625,aligned(map)
1971.3333740234375,726.7760009765625,aligned(map)
2090.7099609375,721.2044677734375,aligned(map)
873.92236328125,778.9924926757812,aligned(map)
2150.04931640625,721.4304809570312,aligned(map)
2115.99267578125,724.0184936523438,aligned(map)
926.2904663085938,780.5423583984375,aligned(map)
1953.53076171875,732.5993041992188,aligned(map)
381.6230773925781,806.9613647460938,aligned(map)
1458.0184326171875,756.7241821289062,aligned(map)
50.629722595214844,823.4078979492188,aligned(map)
1674.7529296875,747.6073608398438,aligned(map)
1198.3006591796875,770.8426513671875,aligned(map)
2364.98095703125,716.3917236328125,aligned(map)
730.876953125,793.6566162109375,aligned(map)
258.4374084472656,816.7046508789062,aligned(map)
1417.09228515625,762.6282958984375,aligned(map)
1317.8299560546875,768.259521484375,aligned(map)
939.6878051757812,786.9065551757812,aligned(map)
1433.2447509765625,763.8713989257812,aligned(map)
532.4539794921875,806.9113159179688,aligned(map)
1559.6943359375,758.96826171875,aligned(map)
1004.9953002929688,785.8555297851562,aligned(map)
1474.4761962890625,763.9440307617188,aligned(map)
675.0050659179688,802.2551879882812,aligned(map)
895.7521362304688,792.9510498046875,aligned(map)
2479.748779296875,719.0233154296875,aligned(map)
402.347900390625,818.9745483398438,aligned(map)
831.7022705078125,798.9358520507812,aligned(map)
350.2342224121094,822.4052734375,aligned(map)
614.0664672851562,810.091796875,aligned(map)
230.90855407714844,828.972900390625,aligned(map)
518.8676147460938,816.5318603515625,aligned(map)
770.661865234375,804.7802124023438,aligned(map)
372.4565124511719,824.3635864257812,aligned(map)
2371.76318359375,731.0526123046875,aligned(map)
394.5770263671875,824.3297119140625,aligned(map)
591.2481079101562,816.1492309570312,aligned(map)
966.4315795898438,798.6387939453125,aligned(map)
1865.3177490234375,757.6847534179688,aligned(map)
435.8594055175781,825.3984375,aligned(map)
1349.7421875,782.7460327148438,aligned(map)
1602.5396728515625,770.9475708007812,aligned(map)
444.93878173828125,825.9732055664062,aligned(map)
919.435546875,803.82763671875,aligned(map)
1063.8912353515625,797.085693359375,aligned(map)
1269.5399169921875,787.4876708984375,aligned(map)
1833.318359375,761.1752319335938,aligned(map)
2267.6884765625,740.9024658203125,aligned(map)
570.3851928710938,821.116943359375,aligned(map)
2049.049560546875,752.1051635742188,aligned(map)
1104.1195068359375,797.2051391601562,aligned(map)
1212.4613037109375,792.1486206054688,aligned(map)
1618.7938232421875,774.1829223632812,aligned(map)
2327.02783203125,741.1284790039062,aligned(map)
1034.0506591796875,803.4708251953125,aligned(map)
1770.3734130859375,769.10546875,aligned(map)
1050.203125,804.7139892578125,aligned(map)
2006.21875,760.0951538085938,aligned(map)
1974.16845703125,762.5894775390625,aligned(map)
2454.68408203125,740.1630249023438,aligned(map)
1705.4730224609375,778.1254272460938,aligned(map)
1962.2830810546875,766.1396484375,aligned(map)
55.31846618652344,856.139404296875,aligned(map)
230.8722381591797,847.9459838867188,aligned(map)
1009.3278198242188,811.6141967773438,aligned(map)
2452.88134765625,744.2410888671875,aligned(map)
1231.0780029296875,802.26318359375,aligned(map)
2311.536865234375,752.8348999023438,aligned(map)
1479.0123291015625,793.6871948242188,aligned(map)
446.8070068359375,842.8604125976562,aligned(map)
2488.24658203125,747.5830078125,aligned(map)
841.1524047851562,826.45263671875,aligned(map)
2268.706298828125,760.8248291015625,aligned(map)
350.706787109375,851.3395385742188,aligned(map)
618.5516967773438,838.8388061523438,aligned(map)
955.6149291992188,823.1074829101562,aligned(map)
257.46337890625,856.6898803710938,aligned(map)
212.37185668945312,859.7929077148438,aligned(map)
287.60919189453125,856.2814331054688,aligned(map)
1216.5394287109375,812.9266967773438,aligned(map)
2421.33984375,756.6966552734375,aligned(map)
2082.3212890625,773.5177001953125,aligned(map)
2327.09326171875,762.0938110351562,aligned(map)
209.51502990722656,862.9216918945312,aligned(map)
859.5655517578125,832.582763671875,aligned(map)
228.62603759765625,863.0282592773438,aligned(map)
1048.2113037109375,824.77685546875,aligned(map)
2407.4990234375,761.3366088867188,aligned(map)
1500.6893310546875,804.6574096679688,aligned(map)
1615.0501708984375,799.3200073242188,aligned(map)
679.1486206054688,843.9985961914062,aligned(map)
214.73439025878906,866.6720581054688,aligned(map)
1459.661376953125,808.5692749023438,aligned(map)
1538.010009765625,806.9096069335938,aligned(map)
1408.6527099609375,813.9453735351562,aligned(map)
262.1375427246094,869.4521484375,aligned(map)
1333.5679931640625,820.4451904296875,aligned(map)
1572.3720703125,810.29833984375,aligned(map)
885.2553100585938,843.36572265625,aligned(map)
1036.733154296875,836.2959594726562,aligned(map)
1381.8216552734375,820.1901245117188,aligned(map)
423.8505554199219,865.8987426757812,aligned(map)
218.3036346435547,877.4889526367188,aligned(map)
666.7181396484375,856.5606689453125,aligned(map)
2210.68994140625,786.4979248046875,aligned(map)
2227.947265625,789.6864624023438,aligned(map)
1757.5140380859375,812.640869140625,aligned(map)
242.78668212890625,884.334228515625,aligned(map)
587.875244140625,868.2283935546875,aligned(map)
2106.666015625,797.3438720703125,aligned(map)
232.80592346191406,885.7985229492188,aligned(map)
875.8342895507812,855.787353515625,aligned(map)
2181.954345703125,794.8285522460938,aligned(map)
166.64794921875,889.884765625,aligned(map)
580.954833984375,870.54833984375,aligned(map)
560.9424438476562,872.4808349609375,aligned(map)
1319.334716796875,837.08544921875,aligned(map)
1434.6986083984375,831.701171875,aligned(map)
1482.8505859375,829.453857421875,aligned(map)
1660.41064453125,821.1668701171875,aligned(map)
1786.809326171875,815.267578125,aligned(map)
1842.0343017578125,813.6886596679688,aligned(map)
272.18377685546875,888.9531860351562,aligned(map)
1813.0443115234375,817.0386352539062,aligned(map)
1143.9844970703125,849.2633056640625,aligned(map)
1346.674560546875,840.8018798828125,aligned(map)
1443.9815673828125,836.2604370117188,aligned(map)
1743.9786376953125,823.257568359375,aligned(map)
1357.8111572265625,842.2791137695312,aligned(map)
1023.8591918945312,859.8621826171875,aligned(map)
1923.6976318359375,817.865234375,aligned(map)
2304.900146484375,800.0739135742188,aligned(map)
582.5177612304688,881.4588623046875,aligned(map)
1417.201416015625,843.5012817382812,aligned(map)
2358.220458984375,800.580810546875,aligned(map)
1228.708251953125,854.2955322265625,aligned(map)
1711.2303466796875,831.7754516601562,aligned(map)
1097.3446044921875,861.4249877929688,aligned(map)
1613.974365234375,837.3130493164062,aligned(map)
324.9589538574219,898.4720458984375,aligned(map)
974.0571899414062,869.176025390625,aligned(map)
2344.3798828125,805.2207641601562,aligned(map)
401.35211181640625,897.902099609375,aligned(map)
1043.3773193359375,867.937744140625,aligned(map)
1295.171630859375,856.18603515625,aligned(map)
793.6402587890625,880.5918579101562,aligned(map)
1054.4630126953125,868.4188232421875,aligned(map)
1384.504150390625,853.0152587890625,aligned(map)
1439.6781005859375,850.440185546875,aligned(map)
1527.9566650390625,846.320068359375,aligned(map)
1998.440673828125,824.36181640625,aligned(map)
840.8399047851562,879.387451171875,aligned(map)
919.0867309570312,875.7355346679688,aligned(map)
1962.4794921875,829.03564453125,aligned(map)
1476.0465087890625,853.7352905273438,aligned(map)
2059.88818359375,826.4864501953125,aligned(map)
257.25262451171875,911.616943359375,aligned(map)
1662.6859130859375,846.0230102539062,aligned(map)
1806.138427734375,839.3278198242188,aligned(map)
2195.3662109375,821.1619262695312,aligned(map)
2230.47705078125,819.5232543945312,aligned(map)
1496.2115478515625,854.7911376953125,aligned(map)
2457.2431640625,809.938232421875,aligned(map)
522.1898193359375,901.2488403320312,aligned(map)
2127.3037109375,827.333984375,aligned(map)
511.25677490234375,903.756103515625,aligned(map)
705.8706665039062,894.6731567382812,aligned(map)
1855.5479736328125,842.0142822265625,aligned(map)
590.7103271484375,904.0418701171875,aligned(map)
1097.308349609375,880.3980712890625,aligned(map)
1954.0616455078125,841.4104614257812,aligned(map)
1976.1312255859375,840.3804321289062,aligned(map)
240.7585906982422,923.3701782226562,aligned(map)
938.9609985351562,890.783935546875,aligned(map)
1291.12255859375,875.346435546875,aligned(map)
1779.6636962890625,852.54541015625,aligned(map)
1850.8883056640625,849.2212524414062,aligned(map)
1903.0528564453125,846.78662109375,aligned(map)
2286.26171875,828.901611328125,aligned(map)
79.35089874267578,932.9003295898438,aligned(map)
1221.0029296875,880.6160278320312,aligned(map)
2172.002685546875,836.2312622070312,aligned(map)
2379.708740234375,827.5357666015625,aligned(map)
1200.089111328125,884.5875854492188,aligned(map)
1051.671630859375,892.5130004882812,aligned(map)
1255.31396484375,883.0086669921875,aligned(map)
2439.048095703125,827.7617797851562,aligned(map)
1746.9154052734375,861.0632934570312,aligned(map)
896.3338012695312,902.7583618164062,aligned(map)
728.9071044921875,912.5693969726562,aligned(map)
2467.39111328125,831.4314575195312,aligned(map)
1167.3408203125,893.10546875,aligned(map)
1271.771728515625,890.228515625,aligned(map)
2218.759033203125,846.031005859375,aligned(map)
328.84808349609375,935.2348022460938,aligned(map)
1391.2501220703125,886.6492309570312,aligned(map)
2017.224609375,857.4339599609375,aligned(map)
2031.31982421875,857.7745971679688,aligned(map)
953.97216796875,909.0546875,aligned(map)
1326.1461181640625,891.6847534179688,aligned(map)
1137.6021728515625,901.48291015625,aligned(map)
1080.47265625,905.147705078125,aligned(map)
1943.244873046875,865.8792114257812,aligned(map)
522.8150024414062,933.1715087890625,aligned(map)
795.7266235351562,921.4328002929688,aligned(map)
1208.0272216796875,902.1900024414062,aligned(map)
641.2901611328125,929.6390991210938,aligned(map)
2373.755126953125,848.7820434570312,aligned(map)
767.7906494140625,925.7320556640625,aligned(map)
579.2466430664062,935.5302124023438,aligned(map)
1842.2305908203125,876.5846557617188,aligned(map)
1040.753173828125,914.9894409179688,aligned(map)
418.8421325683594,945.0135498046875,aligned(map)
2127.231201171875,865.2802124023438,aligned(map)
2137.2626953125,864.81201171875,aligned(map)
713.9760131835938,935.233154296875,aligned(map)
1115.2926025390625,917.5015258789062,aligned(map)
1699.13427734375,890.252685546875,aligned(map)
2028.22314453125,875.8920288085938,aligned(map)
2328.169189453125,861.89306640625,aligned(map)
2466.60595703125,855.4320068359375,aligned(map)
781.3406982421875,935.0845947265625,aligned(map)
2439.571533203125,857.6921997070312,aligned(map)
620.88525390625,943.5718383789062,aligned(map)
959.954833984375,927.7468872070312,aligned(map)
1177.6414794921875,917.5870971679688,aligned(map)
1767.502197265625,890.0573120117188,aligned(map)
1057.3126220703125,924.2015380859375,aligned(map)
1966.23046875,882.779296875,aligned(map)
856.7815551757812,935.5576782226562,aligned(map)
842.7881469726562,937.209228515625,aligned(map)
1093.5792236328125,925.50439453125,aligned(map)
2355.56005859375,866.6056518554688,aligned(map)
588.0861206054688,951.0935668945312,aligned(map)
1239.139892578125,920.7078247070312,aligned(map)
2393.8330078125,867.8148803710938,aligned(map)
1011.6250610351562,935.3203125,aligned(map)
1475.2396240234375,916.6781005859375,aligned(map)
502.2210998535156,963.0889892578125,aligned(map)
963.6766967773438,941.5521240234375,aligned(map)
1080.1455078125,938.11328125,aligned(map)
1408.1802978515625,922.8034057617188,aligned(map)
2195.664306640625,886.0501708984375,aligned(map)
2379.243408203125,877.4822387695312,aligned(map)
388.0130310058594,971.414794921875,aligned(map)
901.6331787109375,947.4432983398438,aligned(map)
1343.0255126953125,926.8427734375,aligned(map)
1985.1016845703125,897.87451171875,aligned(map)
1267.8900146484375,932.346435546875,aligned(map)
2019.31103515625,898.2748413085938,aligned(map)
314.9855651855469,978.8170776367188,aligned(map)
1124.590087890625,942.0299682617188,aligned(map)
355.2138977050781,978.9365234375,aligned(map)
59.38218688964844,994.740478515625,aligned(map)
1259.166748046875,938.7445678710938,aligned(map)
603.148193359375,970.3605346679688,aligned(map)
1016.5028076171875,952.0670776367188,aligned(map)
1696.6483154296875,920.3235473632812,aligned(map)
1291.4207763671875,940.2346801757812,aligned(map)
1857.25634765625,914.82470703125,aligned(map)
1037.721923828125,954.0722045898438,aligned(map)
2234.5478515625,899.2128295898438,aligned(map)
1792.203369140625,920.8563232421875,aligned(map)
1983.8077392578125,911.913818359375,aligned(map)
859.311279296875,965.3944091796875,aligned(map)
265.4888610839844,994.1076049804688,aligned(map)
375.938720703125,990.94970703125,aligned(map)
1140.3499755859375,955.2733764648438,aligned(map)
1351.0145263671875,945.4412841796875,aligned(map)
1752.2802734375,926.7135620117188,aligned(map)
2187.653564453125,906.3939819335938,aligned(map)
891.6160888671875,967.8806762695312,aligned(map)
1218.6986083984375,953.6137084960938,aligned(map)
577.8292236328125,986.5195922851562,aligned(map)
728.3038330078125,979.4967041015625,aligned(map)
2171.857421875,912.1236572265625,aligned(map)
2147.832275390625,914.2434692382812,aligned(map)
339.1778564453125,999.6548461914062,aligned(map)
435.48162841796875,995.1602172851562,aligned(map)
1754.642822265625,933.5927734375,aligned(map)
555.9122314453125,990.5380249023438,aligned(map)
1782.8331298828125,934.2740478515625,aligned(map)
401.5267028808594,999.7404174804688,aligned(map)
1117.7861328125,966.3114013671875,aligned(map)
1302.3682861328125,957.6966552734375,aligned(map)
2066.779541015625,922.020263671875,aligned(map)
647.3528442382812,989.2658081054688,aligned(map)
1957.485595703125,928.1197509765625,aligned(map)
2409.91259765625,907.0042114257812,aligned(map)
2479.131103515625,903.773681640625,aligned(map)
931.3501586914062,978.0081787109375,aligned(map)
504.1039123535156,999.9454345703125,aligned(map)
376.7528991699219,1006.8876342773438,aligned(map)
2012.9140625,930.5252685546875,aligned(map)
689.7910766601562,993.276123046875,aligned(map)
880.392333984375,984.3804321289062,aligned(map)
747.0223388671875,991.603515625,aligned(map)
1101.139404296875,975.0762939453125,aligned(map)
1228.5921630859375,970.1263427734375,aligned(map)
1690.0477294921875,948.5894775390625,aligned(map)
1731.177490234375,946.6698608398438,aligned(map)
1067.1844482421875,979.656494140625,aligned(map)
2279.007080078125,923.0987548828125,aligned(map)
2448.541748046875,915.186279296875,aligned(map)
1586.02392578125,959.4353637695312,aligned(map)
1597.058837890625,958.9203491210938,aligned(map)
1755.5587158203125,951.5228881835938,aligned(map)
1537.9229736328125,962.6788330078125,aligned(map)
533.8062744140625,1010.5411376953125,aligned(map)
931.0593872070312,992.0006713867188,aligned(map)
1314.2681884765625,974.1156616210938,aligned(map)
171.71484375,1028.4390869140625,aligned(map)
1376.5152587890625,972.208984375,aligned(map)
1461.7843017578125,968.2293701171875,aligned(map)
1490.0255126953125,969.90673828125,aligned(map)
1533.16162109375,967.8935546875,aligned(map)
1913.36083984375,950.1489868164062,aligned(map)
545.0955200195312,1015.0067138671875,aligned(map)
1169.0638427734375,985.8850708007812,aligned(map)
1294.4593505859375,980.0326538085938,aligned(map)
1587.38330078125,966.3613891601562,aligned(map)
280.3619079589844,1029.3592529296875,aligned(map)
182.10269165039062,1034.9437255859375,aligned(map)
1050.8939208984375,995.3942260742188,aligned(map)
1614.67236328125,969.081787109375,aligned(map)
621.5904541015625,1016.4290161132812,aligned(map)
368.84393310546875,1029.2236328125,aligned(map)
448.0939025878906,1025.52490234375,aligned(map)
722.9609375,1012.6964111328125,aligned(map)
1444.2362060546875,979.0332641601562,aligned(map)
362.9267272949219,1031.496826171875,aligned(map)
2345.23046875,939.9778442382812,aligned(map)
398.1392517089844,1031.850341796875,aligned(map)
1242.9053955078125,994.4207153320312,aligned(map)
1289.15283203125,994.25927734375,aligned(map)
293.0614013671875,1041.7469482421875,aligned(map)
696.33349609375,1022.9255981445312,aligned(map)
2277.320556640625,949.1383056640625,aligned(map)
499.76416015625,1033.0982666015625,aligned(map)
1206.9951171875,1000.0906982421875,aligned(map)
1373.5203857421875,992.3186645507812,aligned(map)
1671.460205078125,978.413330078125,aligned(map)
1688.5140380859375,977.6173706054688,aligned(map)
281.1252136230469,1044.301025390625,aligned(map)
603.1409912109375,1029.2720947265625,aligned(map)
1391.628173828125,992.4720458984375,aligned(map)
968.3436889648438,1013.2258911132812,aligned(map)
1304.40380859375,997.5414428710938,aligned(map)
2021.6663818359375,964.0656127929688,aligned(map)
722.6193237304688,1025.6927490234375,aligned(map)
1280.3787841796875,999.6611938476562,aligned(map)
2208.356689453125,957.3494262695312,aligned(map)
262.2686462402344,1049.175048828125,aligned(map)
2177.3095703125,959.7969360351562,aligned(map)
424.8830261230469,1043.5826416015625,aligned(map)
929.4747314453125,1020.032470703125,aligned(map)
1202.33544921875,1007.297607421875,aligned(map)
86.91841125488281,1061.35302734375,aligned(map)
2144.45947265625,966.3225708007812,aligned(map)
477.2511291503906,1045.1324462890625,aligned(map)
1560.668701171875,994.5675659179688,aligned(map)
812.4097900390625,1031.487060546875,aligned(map)
1000.0015869140625,1022.7318115234375,aligned(map)
1696.1976318359375,990.2391967773438,aligned(map)
2034.2640380859375,974.4610595703125,aligned(map)
534.5841674804688,1045.4521484375,aligned(map)
1723.333984375,989.97119140625,aligned(map)
357.074951171875,1054.7352294921875,aligned(map)
513.568603515625,1047.4315185546875,aligned(map)
245.7745819091797,1060.9283447265625,aligned(map)
2383.56884765625,962.1524047851562,aligned(map)
349.253173828125,1059.0943603515625,aligned(map)
663.2944946289062,1045.43603515625,aligned(map)
1188.95263671875,1020.9026489257812,aligned(map)
2426.857421875,963.1275634765625,aligned(map)
2290.529052734375,971.4872436523438,aligned(map)
1110.909423828125,1028.5390625,aligned(map)
478.9667053222656,1059.0313720703125,aligned(map)
765.8717041015625,1045.6409912109375,aligned(map)
607.4735107421875,1055.03076171875,aligned(map)
1240.47021484375,1025.4876708984375,aligned(map)
1954.7232666015625,992.1522827148438,aligned(map)
1494.32177734375,1014.6384887695312,aligned(map)
1668.872314453125,1006.491943359375,aligned(map)
526.3189697265625,1060.8153076171875,aligned(map)
1049.0185546875,1037.4185791015625,aligned(map)
2216.701904296875,982.9208374023438,aligned(map)
1823.5123291015625,1002.2701416015625,aligned(map)
2372.2431640625,976.659912109375,aligned(map)
236.55712890625,1077.33447265625,aligned(map)
474.40887451171875,1068.23046875,aligned(map)
914.7980346679688,1047.6768798828125,aligned(map)
1310.095703125,1030.22607421875,aligned(map)
1160.675048828125,1038.1983642578125,aligned(map)
1693.3553466796875,1013.3372192382812,aligned(map)
1779.6275634765625,1009.310791015625,aligned(map)
2114.684326171875,993.673095703125,aligned(map)
1397.4727783203125,1028.14501953125,aligned(map)
1429.573974609375,1026.6468505859375,aligned(map)
382.3721618652344,1077.5185546875,aligned(map)
1520.9637451171875,1024.3785400390625,aligned(map)
2152.957275390625,994.88232421875,aligned(map)
1443.77099609375,1028.979736328125,aligned(map)
2323.546142578125,987.919189453125,aligned(map)
36.382225036621094,1095.6634521484375,aligned(map)
1798.992919921875,1014.39794921875,aligned(map)
2389.90771484375,987.8174438476562,aligned(map)
133.84182739257812,1094.1103515625,aligned(map)
243.18675231933594,1089.0069580078125,aligned(map)
298.36077880859375,1086.431884765625,aligned(map)
1384.787841796875,1035.7265625,aligned(map)
1723.857421875,1019.901611328125,aligned(map)
329.5606689453125,1086.9727783203125,aligned(map)
1155.1649169921875,1048.4404296875,aligned(map)
1610.6015625,1027.1844482421875,aligned(map)
2346.02294921875,994.8580932617188,aligned(map)
20.738685607910156,1104.3814697265625,aligned(map)
578.5489501953125,1079.3460693359375,aligned(map)
610.6502685546875,1077.8477783203125,aligned(map)
740.1093139648438,1072.80419921875,aligned(map)
1403.2010498046875,1041.856689453125,aligned(map)
2199.713623046875,1004.6820678710938,aligned(map)
261.6507873535156,1096.1331787109375,aligned(map)
1598.9197998046875,1034.7191162109375,aligned(map)
326.0059814453125,1096.1251220703125,aligned(map)
665.0755615234375,1080.3001708984375,aligned(map)
2023.360107421875,1016.90673828125,aligned(map)
1167.7117919921875,1057.83984375,aligned(map)
983.180419921875,1067.45068359375,aligned(map)
2231.116943359375,1009.2073974609375,aligned(map)
2058.674560546875,1019.2525634765625,aligned(map)
1873.139892578125,1028.9102783203125,aligned(map)
628.2637939453125,1088.0091552734375,aligned(map)
994.4187622070312,1070.920166015625,aligned(map)
2043.728759765625,1021.9470825195312,aligned(map)
1098.798828125,1067.0469970703125,aligned(map)
1469.017333984375,1050.766845703125,aligned(map)
1434.9605712890625,1053.3548583984375,aligned(map)
1579.416259765625,1046.61279296875,aligned(map)
754.8660278320312,1086.094482421875,aligned(map)
1062.8375244140625,1071.720947265625,aligned(map)
1163.1539306640625,1067.0389404296875,aligned(map)
1938.65087890625,1031.84375,aligned(map)
2022.916748046875,1027.910888671875,aligned(map)
2104.223876953125,1025.1146240234375,aligned(map)
254.43966674804688,1112.4456787109375,aligned(map)
517.2687377929688,1100.178955078125,aligned(map)
1291.711669921875,1064.034423828125,aligned(map)
1449.20849609375,1056.683837890625,aligned(map)
275.5570068359375,1112.4586181640625,aligned(map)
1152.32275390625,1071.5384521484375,aligned(map)
1682.9967041015625,1046.77099609375,aligned(map)
1906.753173828125,1037.326416015625,aligned(map)
1158.4434814453125,1073.249755859375,aligned(map)
2231.93115234375,1025.145263671875,aligned(map)
2239.95654296875,1024.770751953125,aligned(map)
740.2765502929688,1095.7618408203125,aligned(map)
1312.080322265625,1069.0748291015625,aligned(map)
2357.428466796875,1021.28515625,aligned(map)
495.606201171875,1109.177978515625,aligned(map)
1731.5047607421875,1051.49658203125,aligned(map)
777.5463256835938,1097.017822265625,aligned(map)
971.1570434570312,1087.981689453125,aligned(map)
2227.169677734375,1030.3599853515625,aligned(map)
2164.021240234375,1034.3057861328125,aligned(map)
572.0502319335938,1109.604248046875,aligned(map)
529.96826171875,1112.5667724609375,aligned(map)
1948.4427490234375,1046.3641357421875,aligned(map)
2217.290771484375,1033.8165283203125,aligned(map)
724.6329956054688,1104.4798583984375,aligned(map)
807.8956909179688,1100.5938720703125,aligned(map)
1400.765869140625,1072.923583984375,aligned(map)
1934.4493408203125,1048.0157470703125,aligned(map)
329.4371337890625,1123.9228515625,aligned(map)
1607.4686279296875,1064.2750244140625,aligned(map)
1969.661865234375,1048.3692626953125,aligned(map)
678.64013671875,1109.6219482421875,aligned(map)
385.7669982910156,1124.289306640625,aligned(map)
1078.95361328125,1091.9371337890625,aligned(map)
2214.53564453125,1038.9376220703125,aligned(map)
764.0108642578125,1107.634521484375,aligned(map)
1495.3177490234375,1073.503173828125,aligned(map)
1824.406494140625,1059.142578125,aligned(map)
2385.226318359375,1033.9666748046875,aligned(map)
1791.40380859375,1062.6798095703125,aligned(map)
363.9518127441406,1130.2999267578125,aligned(map)
736.1257934570312,1112.929931640625,aligned(map)
2006.1319580078125,1053.6566162109375,aligned(map)
2108.505615234375,1049.877197265625,aligned(map)
2409.454833984375,1035.8314208984375,aligned(map)
277.78143310546875,1136.318603515625,aligned(map)
1755.4935302734375,1068.349853515625,aligned(map)
613.9942016601562,1123.62255859375,aligned(map)
1115.576416015625,1100.212890625,aligned(map)
1581.044677734375,1078.4886474609375,aligned(map)
978.1937255859375,1107.6231689453125,aligned(map)
408.4472351074219,1135.2127685546875,aligned(map)
1069.5325927734375,1104.3587646484375,aligned(map)
1133.735107421875,1101.3623046875,aligned(map)
752.58349609375,1120.1497802734375,aligned(map)
1875.1754150390625,1068.7550048828125,aligned(map)
1917.3082275390625,1066.7886962890625,aligned(map)
2133.99169921875,1056.6756591796875,aligned(map)
998.4605712890625,1110.6712646484375,aligned(map)
1389.6947021484375,1092.4117431640625,aligned(map)
2329.65966796875,1048.5419921875,aligned(map)
1604.4227294921875,1083.3885498046875,aligned(map)
1645.552490234375,1081.4688720703125,aligned(map)
1904.368896484375,1069.3895263671875,aligned(map)
2074.906982421875,1061.4302978515625,aligned(map)
1850.2998046875,1073.9100341796875,aligned(map)
514.1357421875,1137.26953125,aligned(map)
573.3223876953125,1134.5072021484375,aligned(map)
639.53125,1131.4171142578125,aligned(map)
1695.8634033203125,1082.1163330078125,aligned(map)
2376.0087890625,1050.372802734375,aligned(map)
509.1707763671875,1138.499755859375,aligned(map)
1253.518798828125,1103.759765625,aligned(map)
1647.7623291015625,1085.3597412109375,aligned(map)
1735.088623046875,1082.2825927734375,aligned(map)
723.94970703125,1130.47265625,aligned(map)
854.361083984375,1124.3861083984375,aligned(map)
1532.500244140625,1092.7362060546875,aligned(map)
734.134033203125,1132.9927978515625,aligned(map)
1834.6053466796875,1081.6319580078125,aligned(map)
1497.593017578125,1098.359375,aligned(map)
2334.282958984375,1060.3082275390625,aligned(map)
545.7935791015625,1146.775390625,aligned(map)
651.2276000976562,1143.8516845703125,aligned(map)
1899.1640625,1085.6083984375,aligned(map)
2305.49658203125,1067.6427001953125,aligned(map)
765.6901245117188,1140.5064697265625,aligned(map)
1627.4083251953125,1100.2886962890625,aligned(map)
1663.6749267578125,1101.591552734375,aligned(map)
1712.8299560546875,1099.29736328125,aligned(map)
2192.3935546875,1077.913818359375,aligned(map)
1469.162841796875,1112.666748046875,aligned(map)
1842.3399658203125,1095.2498779296875,aligned(map)
865.359619140625,1142.84423828125,aligned(map)
1111.1348876953125,1131.3734130859375,aligned(map)
1035.1488037109375,1139.912353515625,aligned(map)
1983.1900634765625,1096.6641845703125,aligned(map)
2024.31982421875,1094.7445068359375,aligned(map)
2431.706298828125,1077.7281494140625,aligned(map)
1887.0389404296875,1104.147216796875,aligned(map)
2051.557861328125,1096.46875,aligned(map)
1865.0201416015625,1106.17333984375,aligned(map)
2403.770263671875,1082.0274658203125,aligned(map)
1647.435302734375,1118.3253173828125,aligned(map)
2001.8067626953125,1106.7786865234375,aligned(map)
1725.03515625,1121.693115234375,aligned(map)
1659.982177734375,1127.7247314453125,aligned(map)
1457.393798828125,1138.1783447265625,aligned(map)
1811.561767578125,1122.647216796875,aligned(map)
1578.87841796875,1134.5054931640625,aligned(map)
1312.1385498046875,1148.95166015625,aligned(map)
1439.5404052734375,1143.005615234375,aligned(map)
2045.553466796875,1116.718994140625,aligned(map)
2056.63916015625,1117.2000732421875,aligned(map)
1832.0321044921875,1129.6798095703125,aligned(map)
1601.4061279296875,1142.4405517578125,aligned(map)
1476.0614013671875,1149.2890625,aligned(map)
1989.732421875,1126.3135986328125,aligned(map)
1762.0650634765625,1137.937744140625,aligned(map)
2110.468505859375,1127.668212890625,aligned(map)
1691.4510498046875,1153.21533203125,aligned(map)
2011.5113525390625,1139.276123046875,aligned(map)
2257.28662109375,1127.805419921875,aligned(map)
1949.365966796875,1143.175048828125,aligned(map)
1893.3414306640625,1148.7852783203125,aligned(map)
2151.20556640625,1137.748779296875,aligned(map)
2353.8447265625,1128.2913818359375,aligned(map)
1884.4656982421875,1152.195068359375,aligned(map)
1934.6748046875,1150.8502197265625,aligned(map)
2076.37548828125,1149.229248046875,aligned(map)
2283.078125,1140.58056640625,aligned(map)
2099.95703125,1158.1136474609375,aligned(map)
2216.323974609375,1152.6824951171875,aligned(map)
2339.71337890625,1146.923828125,aligned(map)
